type,latitude,longitude,altitude (m),name,desc,corr_latitude,corr_longitude
T,25.49250021,51.44766642,11,New Lusail,,25.4926,51.44767
T,25.49253331,51.44764515,10.9,,,25.49254,51.44765
T,25.49257687,51.44762538,10.8,,,25.49258,51.44763
T,25.4926039,51.44761794,10.8,,,25.49261,51.44762
T,25.49263429,51.44760345,10.7,,,25.49264,51.44761
T,25.49269206,51.44758485,10.5,,,25.4927,51.44759
T,25.49274745,51.44756959,10.3,,,25.49275,51.44757
T,25.49278929,51.44756316,10.2,,,25.49279,51.44757
T,25.49282803,51.44756054,10.1,,,25.49283,51.44757
T,25.49287784,51.44755959,10,,,25.49288,51.44756
T,25.49291008,51.44755803,9.9,,,25.49292,51.44756
T,25.49294625,51.44755925,9.9,,,25.49295,51.44756
T,25.49298291,51.44756718,9.9,,,25.49299,51.44757
T,25.49299717,51.44757376,9.9,,,25.493,51.44758
T,25.4930272,51.44757913,9.9,,,25.49303,51.44758
T,25.49304881,51.44758926,10,,,25.49305,51.44759
T,25.49307438,51.44760294,10.2,,,25.49308,51.44761
T,25.49309899,51.44762196,10.5,,,25.4931,51.44763
T,25.49312596,51.44763736,10.7,,,25.49313,51.44764
T,25.49314424,51.44765623,11,,,25.49315,51.44766
T,25.49316541,51.44767749,11.3,,,25.49317,51.44768
T,25.49319606,51.44770467,11.7,,,25.4932,51.44771
T,25.49322175,51.44773124,12.1,,,25.49323,51.44774
T,25.49324483,51.44775045,12.4,,,25.49325,51.44776
T,25.49326547,51.44777392,12.7,,,25.49327,51.44778
T,25.49328642,51.44781476,13,,,25.49329,51.44782
T,25.4933132,51.4478889,13.3,,,25.49332,51.44789
T,25.49332593,51.44791495,13.5,,,25.49333,51.44792
T,25.49332885,51.4479482,13.6,,,25.49333,51.44795
T,25.4933358,51.44797604,13.7,,,25.49334,51.44798
T,25.49333712,51.44800277,13.8,,,25.49334,51.44801
T,25.49333712,51.4480041,13.8,,,25.49334,51.44801
T,25.49333984,51.44803348,13.9,,,25.49334,51.44804
T,25.49333689,51.44807101,13.9,,,25.49334,51.44808
T,25.4933368,51.4480991,13.7,,,25.49334,51.4481
T,25.49333679,51.44810044,13.7,,,25.49334,51.44811
T,25.49333677,51.44810847,13.6,,,25.49334,51.44811
T,25.49333673,51.4481205,13.5,,,25.49334,51.44813
T,25.49332265,51.4482353,12.7,,,25.49333,51.44824
T,25.4933171,51.44828502,12.3,,,25.49332,51.44829
T,25.49331701,51.44830173,12.2,,,25.49332,51.44831
T,25.49331692,51.44831566,12.1,,,25.49332,51.44832
T,25.4933082,51.44833214,12,,,25.49331,51.44834
T,25.49330815,51.44834049,12,,,25.49331,51.44835
T,25.49330809,51.44834884,11.9,,,25.49331,51.44835
T,25.49329651,51.44836519,11.8,,,25.4933,51.44837
T,25.49329068,51.44838169,11.7,,,25.4933,51.44839
T,25.49328775,51.44839271,11.6,,,25.49329,51.4484
T,25.49328199,51.44839808,11.6,,,25.49329,51.4484
T,25.49327619,51.44841176,11.5,,,25.49328,51.44842
T,25.4932647,51.44842246,11.4,,,25.49327,51.44843
T,25.4932618,51.44843068,11.4,,,25.49327,51.44844
T,25.49324745,51.44845232,11.3,,,25.49325,51.44846
T,25.49323597,51.44846571,11.2,,,25.49324,51.44847
T,25.49322725,51.44848469,11.1,,,25.49323,51.44849
T,25.49321852,51.44850364,11,,,25.49322,51.44851
T,25.49320413,51.44852507,10.9,,,25.49321,51.44853
T,25.49320113,51.4485387,10.9,,,25.49321,51.44854
T,25.49319533,51.44855219,10.8,,,25.4932,51.44856
T,25.49319522,51.44856043,10.8,,,25.4932,51.44857
T,25.49319208,51.44858502,10.6,,,25.4932,51.44859
T,25.49319194,51.448596,10.6,,,25.4932,51.4486
T,25.49319179,51.44860698,10.5,,,25.4932,51.44861
T,25.49319154,51.44862619,10.5,,,25.4932,51.44863
T,25.49318297,51.44864499,10.4,,,25.49319,51.44865
T,25.49317462,51.44865832,10.4,,,25.49318,51.44866
T,25.49316631,51.4486744,10.4,,,25.49317,51.44868
T,25.49315503,51.44868748,10.4,,,25.49316,51.44869
T,25.49314939,51.44869264,10.4,,,25.49315,51.4487
T,25.49313804,51.44871114,10.3,,,25.49314,51.44872
T,25.49312964,51.44871885,10.3,,,25.49313,51.44872
T,25.49312409,51.44873222,10.3,,,25.49313,51.44874
T,25.49311583,51.44874544,10.3,,,25.49312,51.44875
T,25.49310754,51.4487641,10.3,,,25.49311,51.44877
T,25.49310197,51.44877742,10.2,,,25.49311,51.44878
T,25.49309914,51.44878542,10.2,,,25.4931,51.44879
T,25.49309336,51.44879861,10.2,,,25.4931,51.4488
T,25.4930876,51.44881181,10.2,,,25.49309,51.44882
T,25.49308201,51.4488196,10.2,,,25.49309,51.44882
T,25.49307371,51.4488272,10.2,,,25.49308,51.44883
T,25.49306519,51.44884832,10.1,,,25.49307,51.44885
T,25.49305692,51.4488559,10.1,,,25.49306,51.44886
T,25.49304858,51.44886888,10.1,,,25.49305,51.44887
T,25.49304295,51.44888201,10.1,,,25.49305,51.44889
T,25.49303737,51.44888972,10.1,,,25.49304,51.44889
T,25.49302627,51.44890241,10.1,,,25.49303,51.44891
T,25.49302615,51.4489105,10.1,,,25.49303,51.44892
T,25.49302052,51.44892356,10.1,,,25.49303,51.44893
T,25.49301776,51.44892605,10.1,,,25.49302,51.44893
T,25.49300945,51.4489362,10.2,,,25.49301,51.44894
T,25.49299841,51.44894882,10.2,,,25.493,51.44895
T,25.4929874,51.44896141,10.2,,,25.49299,51.44897
T,25.4929818,51.4489744,10.3,,,25.49299,51.44898
T,25.49297364,51.44898183,10.3,,,25.49298,51.44899
T,25.49296548,51.44899195,10.3,,,25.49297,51.449
T,25.49295194,51.4490043,10.4,,,25.49296,51.44901
T,25.49294379,51.44901707,10.4,,,25.49295,51.44902
T,25.49293831,51.44902733,10.4,,,25.49294,51.44903
T,25.49293016,51.44903735,10.5,,,25.49294,51.44904
T,25.49292491,51.44904773,10.5,,,25.49293,51.44905
T,25.49291435,51.44905766,10.5,,,25.49292,51.44906
T,25.49290382,51.44907027,10.5,,,25.49291,51.44908
T,25.49290119,51.44907275,10.6,,,25.49291,51.44908
T,25.49288772,51.4490849,10.6,,,25.49289,51.44909
T,25.49287962,51.44909751,10.6,,,25.49288,51.4491
T,25.49287692,51.4491026,10.6,,,25.49288,51.44911
T,25.49287153,51.44911278,10.7,,,25.49288,51.44912
T,25.49286345,51.44912,10.7,,,25.49287,51.44912
T,25.4928527,51.44913228,10.7,,,25.49286,51.44914
T,25.49283928,51.4491496,10.8,,,25.49284,51.44915
T,25.49283125,51.44915677,10.8,,,25.49284,51.44916
T,25.4928178,51.44916862,10.9,,,25.49282,51.44917
T,25.49280705,51.44917808,10.9,,,25.49281,51.44918
T,25.49279901,51.44918516,11,,,25.4928,51.44919
T,25.49279365,51.44919785,11.1,,,25.4928,51.4492
T,25.49278562,51.44920756,11.1,,,25.49279,51.44921
T,25.49277747,51.44921183,11.2,,,25.49278,51.44922
T,25.49276707,51.44922142,11.2,,,25.49277,51.44923
T,25.4927566,51.44923357,11.2,,,25.49276,51.44924
T,25.49275134,51.44923564,11.2,,,25.49276,51.44924
T,25.49273541,51.44924697,11.2,,,25.49274,51.44925
T,25.49272743,51.44925654,11.3,,,25.49273,51.44926
T,25.49271659,51.44926822,11.3,,,25.49272,51.44927
T,25.49270848,51.44928291,11.3,,,25.49271,51.44929
T,25.49270044,51.44928971,11.3,,,25.49271,51.44929
T,25.49268718,51.44930111,11.3,,,25.49269,51.44931
T,25.49267659,51.44931546,11.3,,,25.49268,51.44932
T,25.49266609,51.44932459,11.3,,,25.49267,51.44933
T,25.49265836,51.44933418,11.3,,,25.49266,51.44934
T,25.4926532,51.4493388,11.3,,,25.49266,51.44934
T,25.49263769,51.44935259,11.3,,,25.49264,51.44936
T,25.49262734,51.4493591,11.3,,,25.49263,51.44936
T,25.49261701,51.44936561,11.3,,,25.49262,51.44937
T,25.49260924,51.44937501,11.3,,,25.49261,51.44938
T,25.49260147,51.44938438,11.3,,,25.49261,51.44939
T,25.49259112,51.44939338,11.3,,,25.4926,51.4494
T,25.4925808,51.44940237,11.2,,,25.49259,51.44941
T,25.49257053,51.44941396,11.2,,,25.49258,51.44942
T,25.49256537,51.44941582,11.2,,,25.49257,51.44942
T,25.49255261,51.44943226,11.2,,,25.49256,51.44944
T,25.49255264,51.44943489,11.2,,,25.49256,51.44944
T,25.49253991,51.44945388,11.2,,,25.49254,51.44946
T,25.49253227,51.44946576,11.2,,,25.49254,51.44947
T,25.49252718,51.4494728,11.2,,,25.49253,51.44948
T,25.492517,51.44948424,11.2,,,25.49252,51.44949
T,25.4925094,51.44949607,11.2,,,25.49251,51.4495
T,25.49249416,51.44950926,11.2,,,25.4925,51.44951
T,25.49248398,51.44951538,11.1,,,25.49249,51.44952
T,25.49247635,51.44952189,11.1,,,25.49248,51.44953
T,25.49246112,51.44953744,11.1,,,25.49247,51.44954
T,25.49245102,51.44955381,11,,,25.49246,51.44956
T,25.49244091,51.44955469,11,,,25.49245,51.44956
T,25.49243839,51.44955684,11,,,25.49244,51.44956
T,25.49243101,51.44957893,11,,,25.49244,51.44958
T,25.4924235,51.4495854,11,,,25.49243,51.44959
T,25.49241856,51.44959749,11,,,25.49242,51.4496
T,25.4924161,51.44960738,11,,,25.49242,51.44961
T,25.49241097,51.44962171,11,,,25.49242,51.44963
T,25.49240366,51.44964631,11,,,25.49241,51.44965
T,25.49240129,51.44965629,11.1,,,25.49241,51.44966
T,25.49239381,51.44966266,11,,,25.4924,51.44967
T,25.49238636,51.4496716,11,,,25.49239,51.44968
T,25.49238648,51.44968201,11,,,25.49239,51.44969
T,25.49237907,51.44969864,11,,,25.49238,51.4497
T,25.49237909,51.44970122,11.1,,,25.49238,51.44971
T,25.49237162,51.44971516,11.1,,,25.49238,51.44972
T,25.49237169,51.44972803,11.1,,,25.49238,51.44973
T,25.4923667,51.44973472,11,,,25.49237,51.44974
T,25.49235925,51.44974862,11,,,25.49236,51.44975
T,25.49235691,51.44976367,11,,,25.49236,51.44977
T,25.49234961,51.44978029,10.9,,,25.49235,51.44979
T,25.49234969,51.44978807,10.9,,,25.49235,51.44979
T,25.49234236,51.44980207,10.9,,,25.49235,51.44981
T,25.492335,51.44981342,10.9,,,25.49234,51.44982
T,25.49232761,51.44982216,10.8,,,25.49233,51.44983
T,25.49232025,51.44983345,10.8,,,25.49233,51.44984
T,25.49231042,51.44984417,10.8,,,25.49232,51.44985
T,25.4923006,51.44985488,10.8,,,25.49231,51.44986
T,25.49229329,51.44986864,10.8,,,25.4923,51.44987
T,25.49229086,51.44987577,10.8,,,25.4923,51.44988
T,25.49228356,51.44988951,10.8,,,25.49229,51.44989
T,25.49227627,51.44990322,10.8,,,25.49228,51.44991
T,25.49227387,51.44991288,10.8,,,25.49228,51.44992
T,25.49226401,51.4499207,10.8,,,25.49227,51.44993
T,25.49225657,51.44993402,10.8,,,25.49226,51.44994
T,25.49224056,51.44996313,10.9,,,25.49225,51.44997
T,25.49223204,51.44997212,10.9,,,25.49224,51.44998
T,25.49222992,51.44997437,10.9,,,25.49223,51.44998
T,25.49222375,51.44998099,10.9,,,25.49223,51.44999
T,25.49221747,51.44998766,11,,,25.49222,51.44999
T,25.49221121,51.44999433,11,,,25.49222,51.45
T,25.49220495,51.45000098,11,,,25.49221,51.45001
T,25.49219872,51.45000762,11,,,25.4922,51.45001
T,25.49219253,51.4500184,11,,,25.4922,51.45002
T,25.49218223,51.4500294,11,,,25.49219,51.45003
T,25.49216785,51.45004268,11,,,25.49217,51.45005
T,25.49215764,51.45005153,11,,,25.49216,51.45006
T,25.49215157,51.45006221,11.1,,,25.49216,51.45007
T,25.49214551,51.45007496,11.1,,,25.49215,51.45008
T,25.49214352,51.45008335,11.1,,,25.49215,51.45009
T,25.49213745,51.45009193,11.1,,,25.49214,51.4501
T,25.49213144,51.45010878,11.1,,,25.49214,51.45011
T,25.49212741,51.45011724,11.1,,,25.49213,51.45012
T,25.49212142,51.45013613,11.2,,,25.49213,51.45014
T,25.49211946,51.45014863,11.2,,,25.49212,51.45015
T,25.49211953,51.45016104,11.2,,,25.49212,51.45017
T,25.49211556,51.45017775,11.2,,,25.49212,51.45018
T,25.49211358,51.45018609,11.3,,,25.49212,51.45019
T,25.49210959,51.45019658,11.3,,,25.49211,51.4502
T,25.49210762,51.45020492,11.3,,,25.49211,51.45021
T,25.49209759,51.45021975,11.4,,,25.4921,51.45022
T,25.49208946,51.45022832,11.4,,,25.49209,51.45023
T,25.49207919,51.45023905,11.4,,,25.49208,51.45024
T,25.49206907,51.45024973,11.5,,,25.49207,51.45025
T,25.49206107,51.45026646,11.6,,,25.49207,51.45027
T,25.49205508,51.45027282,11.6,,,25.49206,51.45028
T,25.4920491,51.45028328,11.6,,,25.49205,51.45029
T,25.49204313,51.45029168,11.7,,,25.49205,51.4503
T,25.49203717,51.45030212,11.7,,,25.49204,51.45031
T,25.4920312,51.45030844,11.7,,,25.49204,51.45031
T,25.49202127,51.45032102,11.8,,,25.49203,51.45033
T,25.49201136,51.45033152,11.8,,,25.49202,51.45034
T,25.49200344,51.45033991,11.8,,,25.49201,51.45034
T,25.49199357,51.45035242,11.9,,,25.492,51.45036
T,25.49198371,51.45036695,11.9,,,25.49199,51.45037
T,25.49197584,51.4503855,11.9,,,25.49198,51.45039
T,25.49197191,51.4503917,11.9,,,25.49198,51.4504
T,25.49196412,51.45040408,12,,,25.49197,51.45041
T,25.49195245,51.45041853,12,,,25.49196,51.45042
T,25.49194663,51.45042473,12,,,25.49195,51.45043
T,25.49193695,51.45043708,12,,,25.49194,51.45044
T,25.49193117,51.45044732,12,,,25.49194,51.45045
T,25.49192539,51.45045552,12,,,25.49193,51.45046
T,25.49191769,51.4504739,12,,,25.49192,51.45048
T,25.49190617,51.45049228,12,,,25.49191,51.4505
T,25.4918985,51.45050451,12,,,25.4919,51.45051
T,25.491887,51.45050458,12,,,25.49189,51.45051
T,25.49187936,51.45051881,12,,,25.49188,51.45052
T,25.49187168,51.45052898,12,,,25.49188,51.45053
T,25.49186785,51.45053911,12,,,25.49187,51.45054
T,25.49185829,51.45055532,12,,,25.49186,51.45056
T,25.49184494,51.45056949,11.9,,,25.49185,51.45057
T,25.49183906,51.45058362,11.9,,,25.49184,51.45059
T,25.49183706,51.45058967,11.8,,,25.49184,51.45059
T,25.4918312,51.45059974,11.8,,,25.49184,51.4506
T,25.49182531,51.45061181,11.7,,,25.49183,51.45062
T,25.49182139,51.45061984,11.7,,,25.49183,51.45062
T,25.49181925,51.45063592,11.6,,,25.49182,51.45064
T,25.49181539,51.45063992,11.6,,,25.49182,51.45064
T,25.49180959,51.45065596,11.5,,,25.49181,51.45066
T,25.49180771,51.450668,11.4,,,25.49181,51.45067
T,25.49180393,51.45067601,11.3,,,25.49181,51.45068
T,25.4917983,51.45069203,11.2,,,25.4918,51.4507
T,25.49179642,51.45070205,11.2,,,25.4918,51.45071
T,25.49179642,51.45071409,11.1,,,25.4918,51.45072
T,25.49179267,51.4507281,11,,,25.4918,51.45073
T,25.49179079,51.4507361,11,,,25.4918,51.45074
T,25.49178705,51.45074408,10.9,,,25.49179,51.45075
T,25.49178134,51.45075801,10.8,,,25.49179,51.45076
T,25.49177752,51.45076595,10.8,,,25.49178,51.45077
T,25.49177372,51.45077188,10.7,,,25.49178,51.45078
T,25.49176991,51.45077981,10.7,,,25.49177,51.45078
T,25.49176798,51.45078777,10.6,,,25.49177,51.45079
T,25.49176415,51.45079968,10.6,,,25.49177,51.4508
T,25.49175844,51.45081353,10.4,,,25.49176,51.45082
T,25.49175653,51.45082147,10.4,,,25.49176,51.45083
T,25.49174714,51.45083523,10.3,,,25.49175,51.45084
T,25.49174526,51.45084117,10.3,,,25.49175,51.45085
T,25.4917415,51.45084906,10.3,,,25.49175,51.45085
T,25.49173401,51.45086282,10.2,,,25.49174,51.45087
T,25.49172839,51.45087263,10.2,,,25.49173,51.45088
T,25.49172094,51.45088437,10.2,,,25.49173,51.45089
T,25.49171352,51.45089611,10.2,,,25.49172,51.4509
T,25.49170605,51.45090382,10.1,,,25.49171,51.45091
T,25.49169861,51.45091352,10.1,,,25.4917,51.45092
T,25.4916856,51.45093293,10.1,,,25.49169,51.45094
T,25.49168375,51.45094081,10.1,,,25.49169,51.45095
T,25.49167449,51.45095039,10,,,25.49168,51.45096
T,25.49166894,51.45095811,10,,,25.49167,51.45096
T,25.49166339,51.4509678,10,,,25.49167,51.45097
T,25.49166155,51.45097565,10,,,25.49167,51.45098
T,25.49165417,51.45098723,10,,,25.49166,51.45099
T,25.4916468,51.45099682,10,,,25.49165,51.451
T,25.49163944,51.45101034,9.9,,,25.49164,51.45102
T,25.49163025,51.45102375,9.9,,,25.49164,51.45103
T,25.49162292,51.45103131,9.9,,,25.49163,51.45104
T,25.49161742,51.45103894,9.9,,,25.49162,51.45104
T,25.49161011,51.45105239,9.8,,,25.49162,51.45106
T,25.49160645,51.451066,9.8,,,25.49161,51.45107
T,25.49160098,51.45107557,9.8,,,25.49161,51.45108
T,25.49159551,51.45108513,9.8,,,25.4916,51.45109
T,25.49159187,51.45109085,9.8,,,25.4916,51.4511
T,25.49159005,51.45110058,9.7,,,25.4916,51.45111
T,25.49158459,51.45111602,9.7,,,25.49159,51.45112
T,25.49157914,51.45112554,9.7,,,25.49158,51.45113
T,25.49157007,51.45113288,9.7,,,25.49158,51.45114
T,25.49156826,51.45114259,9.8,,,25.49157,51.45115
T,25.49156464,51.45114826,9.8,,,25.49157,51.45115
T,25.49156283,51.45115796,9.8,,,25.49157,51.45116
T,25.4915574,51.4511694,9.8,,,25.49156,51.45117
T,25.49155379,51.45117702,9.8,,,25.49156,51.45118
T,25.49155198,51.45118866,9.9,,,25.49156,51.45119
T,25.49154837,51.45119627,9.9,,,25.49155,51.4512
T,25.49154657,51.45120986,9.9,,,25.49155,51.45121
T,25.49154297,51.45122137,10,,,25.49155,51.45123
T,25.49153756,51.45123861,10,,,25.49154,51.45124
T,25.49153577,51.45125218,10,,,25.49154,51.45126
T,25.49153217,51.45126171,10.1,,,25.49154,51.45127
T,25.49153037,51.45127331,10.1,,,25.49154,51.45128
T,25.49152678,51.45128087,10.1,,,25.49153,51.45129
T,25.49152498,51.45129441,10.2,,,25.49153,51.4513
T,25.4915214,51.45130781,10.2,,,25.49153,51.45131
T,25.4915196,51.45131158,10.2,,,25.49152,51.45132
T,25.4915196,51.4513272,10.2,,,25.49152,51.45133
T,25.49151961,51.45133501,10.3,,,25.49152,51.45134
T,25.49151602,51.4513562,10.3,,,25.49152,51.45136
T,25.49151423,51.45136776,10.4,,,25.49152,51.45137
T,25.49151065,51.45138308,10.4,,,25.49152,51.45139
T,25.49150886,51.45139658,10.4,,,25.49151,51.4514
T,25.49150887,51.45140243,10.5,,,25.49151,51.45141
T,25.49150529,51.45141188,10.5,,,25.49151,51.45142
T,25.4915035,51.45142342,10.5,,,25.49151,51.45143
T,25.49149993,51.45143675,10.5,,,25.4915,51.45144
T,25.49149814,51.45144828,10.5,,,25.4915,51.45145
T,25.49149457,51.45145575,10.5,,,25.4915,51.45146
T,25.49149458,51.45147132,10.6,,,25.4915,51.45148
T,25.49149458,51.45147522,10.6,,,25.4915,51.45148
T,25.49149279,51.45148284,10.6,,,25.4915,51.45149
T,25.49148745,51.45149986,10.6,,,25.49149,51.4515
T,25.49148745,51.4515057,10.6,,,25.49149,51.45151
T,25.49148389,51.45151508,10.6,,,25.49149,51.45152
T,25.49148211,51.45152852,10.7,,,25.49149,51.45153
T,25.49147855,51.4515379,10.7,,,25.49148,51.45154
T,25.49147677,51.45154938,10.7,,,25.49148,51.45155
T,25.49147322,51.45156069,10.7,,,25.49148,51.45157
T,25.49146612,51.45157356,10.8,,,25.49147,51.45158
T,25.49146612,51.45158327,10.8,,,25.49147,51.45159
T,25.49146612,51.45158909,10.8,,,25.49147,51.45159
T,25.4914608,51.45160018,10.8,,,25.49147,51.45161
T,25.4914608,51.45160794,10.8,,,25.49147,51.45161
T,25.4914608,51.45161376,10.9,,,25.49147,51.45162
T,25.49146081,51.45162929,10.9,,,25.49147,51.45163
T,25.49146081,51.45164287,10.9,,,25.49147,51.45165
T,25.49146081,51.45165257,11,,,25.49147,51.45166
T,25.49145727,51.45165994,11,,,25.49146,51.45166
T,25.49145727,51.45167158,11,,,25.49146,51.45168
T,25.4914555,51.45168108,11,,,25.49146,51.45169
T,25.4914555,51.45169272,11,,,25.49146,51.4517
T,25.49145551,51.45170241,11,,,25.49146,51.45171
T,25.49145197,51.4517117,11,,,25.49146,51.45172
T,25.4914502,51.45172118,11,,,25.49146,51.45173
T,25.4914502,51.45172699,11,,,25.49146,51.45173
T,25.49144666,51.45173819,11.1,,,25.49145,51.45174
T,25.49144489,51.45174572,11.1,,,25.49145,51.45175
T,25.49144136,51.45176078,11.1,,,25.49145,51.45177
T,25.49144136,51.45177432,11.1,,,25.49145,51.45178
T,25.49143959,51.45178378,11.1,,,25.49144,51.45179
T,25.49143959,51.45179732,11.1,,,25.49144,51.4518
T,25.49143959,51.45180699,11.1,,,25.49144,51.45181
T,25.49143959,51.45181473,11.1,,,25.49144,51.45182
T,25.49143959,51.45182053,11.1,,,25.49144,51.45183
T,25.49143606,51.45183555,11.1,,,25.49144,51.45184
T,25.4914343,51.45184305,11.1,,,25.49144,51.45185
T,25.49142901,51.45185396,11.1,,,25.49143,51.45186
T,25.49142549,51.45185542,11.1,,,25.49143,51.45186
T,25.4914167,51.45186394,11.1,,,25.49142,51.45187
T,25.49141144,51.45186904,11.1,,,25.49142,51.45187
T,25.49140618,51.45187414,11,,,25.49141,51.45188
T,25.49139918,51.45188093,11,,,25.4914,51.45189
T,25.49139219,51.45188963,11,,,25.4914,51.45189
T,25.49138695,51.45189663,11,,,25.49139,51.4519
T,25.49138172,51.45189976,11,,,25.49139,51.4519
T,25.49137648,51.45190477,11,,,25.49138,51.45191
T,25.49137125,51.45190787,11.1,,,25.49138,51.45191
T,25.49136254,51.4519162,11.1,,,25.49137,51.45192
T,25.4913608,51.45191787,11.1,,,25.49137,51.45192
T,25.49135558,51.45192286,11.1,,,25.49136,51.45193
T,25.49134691,51.45192927,11.2,,,25.49135,51.45193
T,25.49133647,51.451939,11.2,,,25.49134,51.45194
T,25.49132779,51.45194708,11.2,,,25.49133,51.45195
T,25.49132086,51.45195353,11.3,,,25.49133,51.45196
T,25.49131567,51.45195837,11.3,,,25.49132,51.45196
T,25.49130533,51.45196244,11.3,,,25.49131,51.45197
T,25.49129844,51.45196886,11.4,,,25.4913,51.45197
T,25.49128985,51.45197502,11.4,,,25.49129,51.45198
T,25.49128642,51.45197822,11.4,,,25.49129,51.45198
T,25.49127958,51.45198287,11.5,,,25.49128,51.45199
T,25.49127277,51.45198565,11.5,,,25.49128,51.45199
T,25.49126765,51.45199055,11.5,,,25.49127,51.452
T,25.49126255,51.45199545,11.6,,,25.49127,51.452
T,25.49125405,51.45200359,11.6,,,25.49126,51.45201
T,25.49124727,51.4520101,11.6,,,25.49125,51.45202
T,25.49124219,51.45201122,11.6,,,25.49125,51.45202
T,25.49123204,51.45201533,11.7,,,25.49124,51.45202
T,25.49122529,51.45201994,11.7,,,25.49123,51.45202
T,25.49121855,51.45202454,11.7,,,25.49122,51.45203
T,25.49121183,51.45202541,11.7,,,25.49122,51.45203
T,25.49120343,51.45202789,11.8,,,25.49121,51.45203
T,25.4911984,51.45203087,11.8,,,25.4912,51.45204
T,25.49119169,51.45203545,11.8,,,25.4912,51.45204
T,25.491185,51.45204002,11.8,,,25.49119,51.45205
T,25.49118333,51.45204163,11.8,,,25.49119,51.45205
T,25.49114919,51.45206214,11.9,,,25.49115,51.45207
T,25.49113774,51.452071,11.9,,,25.49114,51.45208
T,25.49112351,51.45207429,12,,,25.49113,51.45208
T,25.49111499,51.4520802,12,,,25.49112,51.45209
T,25.49110083,51.45208908,12,,,25.49111,51.45209
T,25.49108954,51.45209224,12,,,25.49109,51.4521
T,25.49108108,51.45210653,12,,,25.49109,51.45211
T,25.4910698,51.45211247,12,,,25.49107,51.45212
T,25.49106697,51.45211536,12,,,25.49107,51.45212
T,25.49105846,51.45213242,12,,,25.49106,51.45214
T,25.49105005,51.45214104,12,,,25.49106,51.45215
T,25.49104165,51.45214964,12,,,25.49105,51.45215
T,25.49103327,51.45215823,12,,,25.49104,51.45216
T,25.4910249,51.4521668,12,,,25.49103,51.45217
T,25.49101376,51.4521782,12,,,25.49102,51.45218
T,25.49099434,51.45219254,12,,,25.491,51.4522
T,25.49098052,51.45220115,12,,,25.49099,51.45221
T,25.49096949,51.45220969,12,,,25.49097,51.45221
T,25.49095848,51.45221544,12,,,25.49096,51.45222
T,25.4909475,51.45222118,12,,,25.49095,51.45223
T,25.49094202,51.4522268,12,,,25.49095,51.45223
T,25.49093108,51.45222975,12,,,25.49094,51.45223
T,25.49091469,51.45224382,12.1,,,25.49092,51.45225
T,25.49089837,51.45225233,12.1,,,25.4909,51.45226
T,25.49088753,51.45225523,12.1,,,25.49089,51.45226
T,25.49087405,51.45226915,12.2,,,25.49088,51.45227
T,25.49086591,51.45227749,12.2,,,25.49087,51.45228
T,25.49085509,51.45228584,12.2,,,25.49086,51.45229
T,25.49085239,51.45229135,12.2,,,25.49086,51.4523
T,25.49084432,51.45230238,12.3,,,25.49085,51.45231
T,25.49083625,51.4523216,12.4,,,25.49084,51.45233
T,25.49083086,51.45234078,12.4,,,25.49084,51.45235
T,25.49082817,51.45235172,12.5,,,25.49083,51.45236
T,25.49082013,51.45236813,12.5,,,25.49083,51.45237
T,25.49081212,51.45238179,12.5,,,25.49082,51.45239
T,25.49080411,51.45239814,12.6,,,25.49081,51.4524
T,25.49079613,51.45240903,12.6,,,25.4908,51.45241
T,25.49078819,51.45241717,12.6,,,25.49079,51.45242
T,25.49078029,51.45243346,12.6,,,25.49079,51.45244
T,25.4907724,51.452447,12.6,,,25.49078,51.45245
T,25.49076189,51.4524605,12.6,,,25.49077,51.45247
T,25.49075403,51.45246857,12.6,,,25.49076,51.45247
T,25.49074096,51.45248199,12.6,,,25.49075,51.45249
T,25.49073313,51.45249003,12.6,,,25.49074,51.4525
T,25.4907253,51.45249805,12.6,,,25.49073,51.4525
T,25.49071227,51.45251409,12.6,,,25.49072,51.45252
T,25.49070446,51.45252477,12.6,,,25.49071,51.45253
T,25.49069147,51.45254074,12.6,,,25.4907,51.45255
T,25.49068629,51.45254603,12.6,,,25.49069,51.45255
T,25.49067331,51.45255924,12.5,,,25.49068,51.45256
T,25.49067072,51.45256188,12.5,,,25.49068,51.45257
T,25.49066296,51.45257515,12.6,,,25.49067,51.45258
T,25.49065521,51.45258572,12.6,,,25.49066,51.45259
T,25.49064489,51.4525962,12.6,,,25.49065,51.4526
T,25.49063203,51.45260928,12.6,,,25.49064,51.45261
T,25.49062433,51.45261711,12.6,,,25.49063,51.45262
T,25.49061153,51.45263012,12.6,,,25.49062,51.45264
T,25.49060387,51.45263792,12.6,,,25.49061,51.45264
T,25.49059367,51.45265095,12.6,,,25.4906,51.45266
T,25.49058354,51.45266662,12.6,,,25.49059,51.45267
T,25.49057345,51.45267961,12.7,,,25.49058,51.45268
T,25.4905634,51.45269788,12.7,,,25.49057,51.4527
T,25.49055587,51.4527109,12.8,,,25.49056,51.45272
T,25.49054834,51.45271859,12.8,,,25.49055,51.45272
T,25.49054084,51.45273157,12.8,,,25.49055,51.45274
T,25.49053084,51.45274443,12.9,,,25.49054,51.45275
T,25.49052335,51.45275207,12.9,,,25.49053,51.45276
T,25.49051586,51.45276761,13,,,25.49052,51.45277
T,25.49051087,51.45277796,13,,,25.49052,51.45278
T,25.49050339,51.45278819,13,,,25.49051,51.45279
T,25.49049593,51.45279577,13,,,25.4905,51.4528
T,25.49048352,51.45281362,13,,,25.49049,51.45282
T,25.49047608,51.45282379,13,,,25.49048,51.45283
T,25.49047361,51.45283419,13,,,25.49048,51.45284
T,25.49046123,51.45284669,13,,,25.49047,51.45285
T,25.49045378,51.45285939,13,,,25.49046,51.45286
T,25.49044645,51.45287214,13,,,25.49045,51.45288
T,25.49043421,51.45289505,13,,,25.49044,51.4529
T,25.49042442,51.45290495,13,,,25.49043,51.45291
T,25.49041465,51.45291744,13,,,25.49042,51.45292
T,25.49040246,51.45293237,13,,,25.49041,51.45294
T,25.49039516,51.45294235,13,,,25.4904,51.45295
T,25.49038545,51.45295997,13,,,25.49039,51.45296
T,25.49037576,51.45296974,13,,,25.49038,51.45297
T,25.49036851,51.45297966,13,,,25.49037,51.45298
T,25.49036609,51.45298469,13,,,25.49037,51.45299
T,25.49035645,51.45299961,13,,,25.49036,51.453
T,25.49035163,51.45300187,13,,,25.49036,51.45301
T,25.49034201,51.45301675,13,,,25.49035,51.45302
T,25.4903348,51.45302399,13,,,25.49034,51.45303
T,25.49032521,51.4530388,13,,,25.49033,51.45304
T,25.49031563,51.453051,13,,,25.49032,51.45306
T,25.49030608,51.45306317,13,,,25.49031,51.45307
T,25.4903061,51.45307092,13,,,25.49031,51.45308
T,25.49030136,51.45308088,13,,,25.49031,51.45309
T,25.49029187,51.45309819,13,,,25.4903,51.4531
T,25.49028476,51.45312078,13,,,25.49029,51.45313
T,25.49027529,51.45313541,13,,,25.49028,51.45314
T,25.49027293,51.45315578,13,,,25.49028,51.45316
T,25.49027057,51.45316071,13,,,25.49028,51.45317
T,25.49025877,51.45318276,13.1,,,25.49026,51.45319
T,25.49025171,51.45320007,13.1,,,25.49026,51.45321
T,25.49024466,51.45321479,13.1,,,25.49025,51.45322
T,25.49024231,51.45322481,13.1,,,25.49025,51.45323
T,25.49023762,51.45323461,13.1,,,25.49024,51.45324
T,25.49023527,51.45324462,13.2,,,25.49024,51.45325
T,25.49023059,51.45325439,13.2,,,25.49024,51.45326
T,25.49022357,51.45327158,13.2,,,25.49023,51.45328
T,25.49022124,51.45328923,13.2,,,25.49023,51.45329
T,25.49021424,51.45330128,13.2,,,25.49022,51.45331
T,25.49021424,51.45331659,13.2,,,25.49022,51.45332
T,25.49020725,51.45333371,13.3,,,25.49021,51.45334
T,25.4902026,51.4533434,13.3,,,25.49021,51.45335
T,25.4902026,51.45335615,13.3,,,25.49021,51.45336
T,25.49019563,51.45336811,13.3,,,25.4902,51.45337
T,25.49019098,51.45338032,13.3,,,25.4902,51.45339
T,25.49018635,51.45338997,13.3,,,25.49019,51.45339
T,25.4901794,51.45340697,13.4,,,25.49018,51.45341
T,25.49017478,51.45341914,13.4,,,25.49018,51.45342
T,25.49016785,51.45343609,13.4,,,25.49017,51.45344
T,25.49016093,51.45344794,13.4,,,25.49017,51.45345
T,25.49015403,51.45346738,13.4,,,25.49016,51.45347
T,25.49015173,51.45347723,13.5,,,25.49016,51.45348
T,25.49014484,51.45349156,13.5,,,25.49015,51.4535
T,25.49014025,51.45350617,13.5,,,25.49015,51.45351
T,25.49013338,51.45352298,13.5,,,25.49014,51.45353
T,25.49012652,51.45353725,13.5,,,25.49013,51.45354
T,25.49012423,51.45354452,13.6,,,25.49013,51.45355
T,25.49011739,51.45356128,13.6,,,25.49012,51.45357
T,25.49011283,51.45356823,13.6,,,25.49012,51.45357
T,25.49011283,51.45357832,13.6,,,25.49012,51.45358
T,25.49011055,51.45359314,13.6,,,25.49012,51.4536
T,25.490106,51.45360511,13.6,,,25.49011,51.45361
T,25.49009918,51.45362431,13.6,,,25.4901,51.45363
T,25.49009011,51.4536532,13.7,,,25.4901,51.45366
T,25.49008332,51.45365975,13.7,,,25.49009,51.45366
T,25.4900788,51.45367416,13.7,,,25.49008,51.45368
T,25.49007654,51.4536889,13.7,,,25.49008,51.45369
T,25.49007202,51.45370328,13.7,,,25.49008,51.45371
T,25.49006977,51.453718,13.7,,,25.49007,51.45372
T,25.49006301,51.45373702,13.8,,,25.49007,51.45374
T,25.49005626,51.453751,13.8,,,25.49006,51.45376
T,25.49005176,51.45376031,13.8,,,25.49006,51.45377
T,25.49004727,51.45377461,13.8,,,25.49005,51.45378
T,25.49004279,51.4537864,13.8,,,25.49005,51.45379
T,25.49003607,51.45380281,13.9,,,25.49004,51.45381
T,25.4900316,51.45381707,13.9,,,25.49004,51.45382
T,25.49002937,51.45383169,13.9,,,25.49003,51.45384
T,25.49002267,51.45384554,13.9,,,25.49003,51.45385
T,25.49001821,51.45385725,13.9,,,25.49002,51.45386
T,25.49001598,51.45386934,13.9,,,25.49002,51.45387
T,25.49000931,51.45388564,14,,,25.49001,51.45389
T,25.49000486,51.4538998,14,,,25.49001,51.4539
T,25.49000264,51.45391436,14,,,25.49001,51.45392
T,25.4899982,51.45392352,14,,,25.49,51.45393
T,25.48999156,51.45394471,14,,,25.49,51.45395
T,25.48998492,51.45396338,14.1,,,25.48999,51.45397
T,25.48998271,51.45397291,14.1,,,25.48999,51.45398
T,25.48997609,51.45398658,14.1,,,25.48998,51.45399
T,25.48996947,51.45399774,14.1,,,25.48997,51.454
T,25.48996727,51.45400724,14.1,,,25.48997,51.45401
T,25.48995847,51.45402539,14.2,,,25.48996,51.45403
T,25.48995628,51.45403983,14.2,,,25.48996,51.45404
T,25.48995188,51.4540464,14.2,,,25.48996,51.45405
T,25.48994969,51.45406082,14.2,,,25.48995,51.45407
T,25.4899475,51.45406534,14.2,,,25.48995,51.45407
T,25.48994312,51.45407437,14.2,,,25.48995,51.45408
T,25.48993875,51.45409574,14.2,,,25.48994,51.4541
T,25.48993656,51.45409777,14.2,,,25.48994,51.4541
T,25.48993219,51.45411665,14.2,,,25.48994,51.45412
T,25.4899322,51.45413395,14.2,,,25.48994,51.45414
T,25.4899322,51.4541463,14.2,,,25.48994,51.45415
T,25.48993002,51.45416808,14.2,,,25.48994,51.45417
T,25.48992566,51.4541795,14.2,,,25.48993,51.45418
T,25.48991912,51.45419044,14.2,,,25.48992,51.4542
T,25.48991912,51.45420278,14.2,,,25.48992,51.45421
T,25.48991695,51.45421217,14.1,,,25.48992,51.45422
T,25.48991695,51.45421957,14.1,,,25.48992,51.45422
T,25.4899126,51.45423341,14.1,,,25.48992,51.45424
T,25.48991043,51.45424526,14,,,25.48992,51.45425
T,25.48990391,51.45425859,14,,,25.48991,51.45426
T,25.48990392,51.45426844,14,,,25.48991,51.45427
T,25.48989958,51.45427978,14,,,25.4899,51.45428
T,25.48989742,51.45429897,13.9,,,25.4899,51.4543
T,25.48989525,51.45431078,13.9,,,25.4899,51.45432
T,25.48989309,51.45431274,13.9,,,25.4899,51.45432
T,25.48988898,51.45433567,13.8,,,25.48989,51.45434
T,25.48988898,51.45434321,13.8,,,25.48989,51.45435
T,25.48988898,51.45435528,13.7,,,25.48989,51.45436
T,25.48988898,51.45437941,13.6,,,25.48989,51.45438
T,25.48988747,51.45439309,13.6,,,25.48989,51.4544
T,25.48988596,51.45441429,13.5,,,25.48989,51.45442
T,25.48987992,51.45444478,13.4,,,25.48988,51.45445
T,25.4898769,51.45445248,13.4,,,25.48988,51.45446
T,25.4898769,51.4544585,13.4,,,25.48988,51.45446
T,25.4898754,51.4544676,13.4,,,25.48988,51.45447
T,25.4898724,51.45447828,13.4,,,25.48988,51.45448
T,25.4898724,51.4544888,13.4,,,25.48988,51.45449
T,25.4898724,51.45449932,13.4,,,25.48988,51.4545
T,25.4898724,51.45450684,13.4,,,25.48988,51.45451
T,25.4898724,51.45451886,13.3,,,25.48988,51.45452
T,25.48987241,51.45452938,13.3,,,25.48988,51.45453
T,25.48987241,51.45454291,13.3,,,25.48988,51.45455
T,25.4898709,51.45455348,13.3,,,25.48988,51.45456
T,25.48987091,51.45456701,13.3,,,25.48988,51.45457
T,25.48987091,51.45457452,13.2,,,25.48988,51.45458
T,25.48987091,51.45458053,13.2,,,25.48988,51.45459
T,25.48987091,51.45458804,13.2,,,25.48988,51.45459
T,25.48987091,51.45459255,13.2,,,25.48988,51.4546
T,25.48987091,51.45459856,13.2,,,25.48988,51.4546
T,25.4898679,51.45460765,13.2,,,25.48987,51.45461
T,25.48986643,51.45461518,13.2,,,25.48987,51.45462
T,25.48986649,51.45462418,13.2,,,25.48987,51.45463
T,25.4898636,51.45463473,13.2,,,25.48987,51.45464
T,25.48986222,51.45464375,13.1,,,25.48987,51.45465
T,25.48985932,51.45465578,13.1,,,25.48986,51.45466
T,25.48985933,51.45466028,13.1,,,25.48986,51.45467
T,25.48985784,51.4546663,13.1,,,25.48986,51.45467
T,25.48985787,51.45467379,13.1,,,25.48986,51.45468
T,25.48985492,51.4546888,13.1,,,25.48986,51.45469
T,25.48985495,51.45469479,13.1,,,25.48986,51.4547
T,25.48985495,51.45469929,13,,,25.48986,51.4547
T,25.48985342,51.45470678,13,,,25.48986,51.45471
T,25.48985035,51.45472026,13,,,25.48986,51.45473
T,25.48985035,51.45472475,13,,,25.48986,51.45473
T,25.48985033,51.45473673,12.9,,,25.48986,51.45474
T,25.48985034,51.45474421,12.9,,,25.48986,51.45475
T,25.48985035,51.4547502,12.9,,,25.48986,51.45476
T,25.48984885,51.45476365,12.9,,,25.48985,51.45477
T,25.48984886,51.45476964,12.8,,,25.48985,51.45477
T,25.48984887,51.45477862,12.8,,,25.48985,51.45478
T,25.48984587,51.45478755,12.8,,,25.48985,51.45479
T,25.48984588,51.45479502,12.7,,,25.48985,51.4548
T,25.48984589,51.45480699,12.7,,,25.48985,51.45481
T,25.48984441,51.45481742,12.7,,,25.48985,51.45482
T,25.48984443,51.4548249,12.6,,,25.48985,51.45483
T,25.48984446,51.45483686,12.6,,,25.48985,51.45484
T,25.48984447,51.45484434,12.6,,,25.48985,51.45485
T,25.4898445,51.45485481,12.5,,,25.48985,51.45486
T,25.48984452,51.45486379,12.5,,,25.48985,51.45487
T,25.48984455,51.45487575,12.4,,,25.48985,51.45488
T,25.48984456,51.45487725,12.4,,,25.48985,51.45488
T,25.4898446,51.4548937,12.4,,,25.48985,51.4549
T,25.48984463,51.45490418,12.3,,,25.48985,51.45491
T,25.48984164,51.45491302,12.3,,,25.48985,51.45492
T,25.48984165,51.45491751,12.3,,,25.48985,51.45492
T,25.48984016,51.45492193,12.3,,,25.48985,51.45493
T,25.48984017,51.45492641,12.3,,,25.48985,51.45493
T,25.48983719,51.45493374,12.2,,,25.48984,51.45494
T,25.48983572,51.45494263,12.2,,,25.48984,51.45495
T,25.48983276,51.4549574,12.2,,,25.48984,51.45496
T,25.48983279,51.45496487,12.1,,,25.48984,51.45497
T,25.48983132,51.45497374,12.1,,,25.48984,51.45498
T,25.48983132,51.45498269,12.1,,,25.48984,51.45499
T,25.4898283,51.45498846,12,,,25.48983,51.45499
T,25.48982675,51.4549958,12,,,25.48983,51.455
T,25.48982368,51.45500154,12,,,25.48983,51.45501
T,25.48982361,51.45501044,12,,,25.48983,51.45502
T,25.48982196,51.45502812,11.9,,,25.48983,51.45503
T,25.48981899,51.45504427,11.8,,,25.48982,51.45505
T,25.48981899,51.45505021,11.8,,,25.48982,51.45506
T,25.4898175,51.45506347,11.8,,,25.48982,51.45507
T,25.48981455,51.45506919,11.8,,,25.48982,51.45507
T,25.48981454,51.45508106,11.7,,,25.48982,51.45509
T,25.48981452,51.45509442,11.7,,,25.48982,51.4551
T,25.48981452,51.45510184,11.6,,,25.48982,51.45511
T,25.48981451,51.45510778,11.6,,,25.48982,51.45511
T,25.48981451,51.45511371,11.6,,,25.48982,51.45512
T,25.48981305,51.4551225,11.6,,,25.48982,51.45513
T,25.48981305,51.45513289,11.5,,,25.48982,51.45514
T,25.48981012,51.45514301,11.5,,,25.48982,51.45515
T,25.48980866,51.45515623,11.4,,,25.48981,51.45516
T,25.48980573,51.45516485,11.4,,,25.48981,51.45517
T,25.48980573,51.45517819,11.4,,,25.48981,51.45518
T,25.48980573,51.45518263,11.3,,,25.48981,51.45519
T,25.48980573,51.45519004,11.3,,,25.48981,51.4552
T,25.48980427,51.45520323,11.3,,,25.48981,51.45521
T,25.48980427,51.45520916,11.2,,,25.48981,51.45521
T,25.48980428,51.45522249,11.2,,,25.48981,51.45523
T,25.48980136,51.4552281,11.2,,,25.48981,51.45523
T,25.4897999,51.45523978,11.1,,,25.4898,51.45524
T,25.48979699,51.45525721,11.1,,,25.4898,51.45526
T,25.48979699,51.45526609,11,,,25.4898,51.45527
T,25.48979699,51.45527349,11,,,25.4898,51.45528
T,25.48979699,51.4552794,11,,,25.4898,51.45528
T,25.48979699,51.45528828,11,,,25.4898,51.45529
T,25.48979699,51.45529715,11,,,25.4898,51.4553
T,25.48979699,51.45530159,11,,,25.4898,51.45531
T,25.48979699,51.45531047,11,,,25.4898,51.45532
T,25.48979699,51.45531934,11,,,25.4898,51.45532
T,25.48979699,51.45532674,11,,,25.4898,51.45533
T,25.489797,51.45533709,11,,,25.4898,51.45534
T,25.489797,51.45534597,11,,,25.4898,51.45535
T,25.489797,51.4553578,11,,,25.4898,51.45536
T,25.489797,51.45536964,11,,,25.4898,51.45537
T,25.489797,51.45537703,11,,,25.4898,51.45538
T,25.489797,51.45538147,11,,,25.4898,51.45539
T,25.489797,51.45539331,11,,,25.4898,51.4554
T,25.48979555,51.45540641,11,,,25.4898,51.45541
T,25.48979556,51.45541233,11,,,25.4898,51.45542
T,25.48979265,51.45542225,11,,,25.4898,51.45543
T,25.48979265,51.45543407,11,,,25.4898,51.45544
T,25.48979266,51.45544147,11,,,25.4898,51.45545
T,25.48979266,51.45544738,11,,,25.4898,51.45545
T,25.48979267,51.45545921,11,,,25.4898,51.45546
T,25.48979268,51.45546957,11,,,25.4898,51.45547
T,25.48979269,51.45547845,11,,,25.4898,51.45548
T,25.4897927,51.45548733,11,,,25.4898,51.45549
T,25.48979272,51.45549621,11,,,25.4898,51.4555
T,25.48979272,51.45550951,11,,,25.4898,51.45551
T,25.48979271,51.45551837,11,,,25.4898,51.45552
T,25.48979271,51.45552724,11,,,25.4898,51.45553
T,25.48979271,51.45553906,11,,,25.4898,51.45554
T,25.48979271,51.4555494,11,,,25.4898,51.45555
T,25.48979271,51.45555384,11,,,25.4898,51.45556
T,25.48979271,51.45556714,11,,,25.4898,51.45557
T,25.48979271,51.45557157,11,,,25.4898,51.45558
T,25.48979271,51.45558487,11,,,25.4898,51.45559
T,25.48979271,51.45559374,11,,,25.4898,51.4556
T,25.48979271,51.45560113,11,,,25.4898,51.45561
T,25.48979417,51.45560732,11,,,25.4898,51.45561
T,25.48979417,51.45561471,11,,,25.4898,51.45562
T,25.48979417,51.45562358,11,,,25.4898,51.45563
T,25.48979417,51.45563393,11,,,25.4898,51.45564
T,25.4897971,51.45564783,11,,,25.4898,51.45565
T,25.4897971,51.45566114,11,,,25.4898,51.45567
T,25.4897971,51.45567445,11,,,25.4898,51.45568
T,25.48979856,51.45568215,11,,,25.4898,51.45569
T,25.48979856,51.45568659,11,,,25.4898,51.45569
T,25.48979856,51.45569251,11,,,25.4898,51.4557
T,25.48979856,51.45570139,11,,,25.4898,51.45571
T,25.48979856,51.45571323,11,,,25.4898,51.45572
T,25.48979856,51.45572211,11,,,25.4898,51.45573
T,25.48979856,51.4557369,11,,,25.4898,51.45574
T,25.48980295,51.45574232,11,,,25.48981,51.45575
T,25.48980296,51.4557512,11,,,25.48981,51.45576
T,25.48980296,51.45576009,11,,,25.48981,51.45577
T,25.48980149,51.45576272,11,,,25.48981,51.45577
T,25.48980003,51.45577275,11,,,25.48981,51.45578
T,25.48980003,51.45578015,11,,,25.48981,51.45579
T,25.48980002,51.45578607,11,,,25.48981,51.45579
T,25.48980002,51.45579494,11,,,25.48981,51.4558
T,25.48979709,51.45581201,11,,,25.4898,51.45582
T,25.48979563,51.45582349,11,,,25.4898,51.45583
T,25.48979563,51.45583236,11,,,25.4898,51.45584
T,25.48979271,51.45584199,11,,,25.4898,51.45585
T,25.48979124,51.45585049,11,,,25.4898,51.45586
T,25.48978979,51.45585604,11.1,,,25.48979,51.45586
T,25.48978688,51.45586272,11.1,,,25.48979,51.45587
T,25.48978688,51.45587452,11.1,,,25.48979,51.45588
T,25.48978909,51.45589432,11.2,,,25.48979,51.4559
T,25.48978359,51.45590012,11.2,,,25.48979,51.45591
T,25.48977992,51.45591314,11.2,,,25.48978,51.45592
T,25.48977992,51.45592414,11.3,,,25.48978,51.45593
T,25.48977992,51.45593513,11.3,,,25.48978,51.45594
T,25.48977992,51.45594429,11.3,,,25.48978,51.45595
T,25.48977991,51.45595345,11.3,,,25.48978,51.45596
T,25.48977991,51.45596811,11.4,,,25.48978,51.45597
T,25.48977991,51.4559791,11.4,,,25.48978,51.45598
T,25.48977991,51.45598826,11.4,,,25.48978,51.45599
T,25.48977991,51.45599925,11.5,,,25.48978,51.456
T,25.48977991,51.45601207,11.5,,,25.48978,51.45602
T,25.48977991,51.45602856,11.6,,,25.48978,51.45603
T,25.48977991,51.45603955,11.6,,,25.48978,51.45604
T,25.48977991,51.45605604,11.6,,,25.48978,51.45606
T,25.48977991,51.45606703,11.7,,,25.48978,51.45607
T,25.48977991,51.45607619,11.7,,,25.48978,51.45608
T,25.48978174,51.45608529,11.7,,,25.48979,51.45609
T,25.48978174,51.45609079,11.7,,,25.48979,51.4561
T,25.48978174,51.45610362,11.8,,,25.48979,51.45611
T,25.48978174,51.45611095,11.8,,,25.48979,51.45612
T,25.48978174,51.45612011,11.8,,,25.48979,51.45613
T,25.48978174,51.45614026,11.8,,,25.48979,51.45615
T,25.48978174,51.45614759,11.8,,,25.48979,51.45615
T,25.48978174,51.45616042,11.8,,,25.48979,51.45617
T,25.48978174,51.45616592,11.8,,,25.48979,51.45617
T,25.48978174,51.45618241,11.8,,,25.48979,51.45619
T,25.48978151,51.4561971,11.8,,,25.48979,51.4562
T,25.48978129,51.45620995,11.8,,,25.48979,51.45621
T,25.489781,51.45622647,11.8,,,25.48979,51.45623
T,25.48978093,51.45623564,11.8,,,25.48979,51.45624
T,25.4897809,51.45624296,11.8,,,25.48979,51.45625
T,25.48978086,51.45625945,11.8,,,25.48979,51.45626
T,25.48978084,51.45626494,11.8,,,25.48979,51.45627
T,25.4897808,51.45627959,11.8,,,25.48979,51.45628
T,25.48978077,51.45629058,11.8,,,25.48979,51.4563
T,25.48978074,51.45630156,11.8,,,25.48979,51.45631
T,25.48978072,51.45630889,11.8,,,25.48979,51.45631
T,25.48978068,51.45631987,11.8,,,25.48979,51.45632
T,25.48978065,51.45633086,11.8,,,25.48979,51.45634
T,25.48978063,51.45634184,11.8,,,25.48979,51.45635
T,25.48978066,51.45634733,11.8,,,25.48979,51.45635
T,25.48978068,51.45635282,11.8,,,25.48979,51.45636
T,25.48978075,51.45636747,11.8,,,25.48979,51.45637
T,25.48978443,51.45637296,11.8,,,25.48979,51.45638
T,25.48978438,51.45638578,11.8,,,25.48979,51.45639
T,25.48978436,51.45639128,11.8,,,25.48979,51.4564
T,25.48978617,51.45640227,11.8,,,25.48979,51.45641
T,25.48978597,51.45642058,11.9,,,25.48979,51.45643
T,25.48978585,51.4564279,11.9,,,25.48979,51.45643
T,25.48978568,51.45643887,12,,,25.48979,51.45644
T,25.48978559,51.45644619,12,,,25.48979,51.45645
T,25.48978553,51.45645168,12,,,25.48979,51.45646
T,25.48978895,51.45647367,12.1,,,25.48979,51.45648
T,25.48978878,51.4564883,12.1,,,25.48979,51.45649
T,25.48979053,51.45649564,12.1,,,25.4898,51.4565
T,25.48979046,51.45650661,12.2,,,25.4898,51.45651
T,25.48979041,51.45651759,12.2,,,25.4898,51.45652
T,25.48979412,51.45652865,12.2,,,25.4898,51.45653
T,25.48979375,51.45653958,12.3,,,25.4898,51.45654
T,25.48979343,51.45654869,12.3,,,25.4898,51.45655
T,25.48979309,51.45655595,12.3,,,25.4898,51.45656
T,25.48979268,51.45656502,12.4,,,25.4898,51.45657
T,25.48979193,51.45658134,12.4,,,25.4898,51.45659
T,25.48979159,51.45658858,12.5,,,25.4898,51.45659
T,25.48979093,51.45660305,12.5,,,25.4898,51.45661
T,25.48979057,51.45661576,12.6,,,25.4898,51.45662
T,25.48979185,51.4566325,12.6,,,25.4898,51.45664
T,25.48979281,51.45664371,12.7,,,25.4898,51.45665
T,25.48979406,51.45666052,12.7,,,25.4898,51.45667
T,25.4897964,51.45667171,12.7,,,25.4898,51.45668
T,25.4897967,51.4566773,12.7,,,25.4898,51.45668
T,25.48979732,51.45668848,12.7,,,25.4898,51.45669
T,25.48979773,51.45669594,12.7,,,25.4898,51.4567
T,25.48979786,51.45670515,12.7,,,25.4898,51.45671
T,25.4897978,51.45671798,12.7,,,25.4898,51.45672
T,25.48979783,51.45672717,12.7,,,25.4898,51.45673
T,25.48979786,51.45673635,12.7,,,25.4898,51.45674
T,25.48979792,51.4567584,12.7,,,25.4898,51.45676
T,25.48979978,51.45677684,12.7,,,25.4898,51.45678
T,25.48980163,51.45678245,12.7,,,25.48981,51.45679
T,25.48980347,51.45679355,12.7,,,25.48981,51.4568
T,25.48980697,51.45680837,12.7,,,25.48981,51.45681
T,25.48980694,51.45681387,12.7,,,25.48981,51.45682
T,25.48980866,51.45682677,12.7,,,25.48981,51.45683
T,25.4898122,51.45683611,12.7,,,25.48982,51.45684
T,25.48981396,51.45684352,12.7,,,25.48982,51.45685
T,25.48981387,51.45685818,12.7,,,25.48982,51.45686
T,25.48981743,51.4568657,12.7,,,25.48982,51.45687
T,25.48981916,51.45688046,12.7,,,25.48982,51.45689
T,25.48981912,51.45689148,12.7,,,25.48982,51.4569
T,25.48982089,51.45690075,12.6,,,25.48983,51.45691
T,25.48982627,51.45691206,12.6,,,25.48983,51.45692
T,25.48982809,51.45691952,12.6,,,25.48983,51.45692
T,25.48982801,51.45693789,12.6,,,25.48983,51.45694
T,25.48983351,51.4569548,12.6,,,25.48984,51.45696
T,25.48983347,51.45696399,12.6,,,25.48984,51.45697
T,25.48983528,51.45697698,12.6,,,25.48984,51.45698
T,25.48983893,51.45699196,12.6,,,25.48984,51.457
T,25.48983892,51.45699932,12.5,,,25.48984,51.457
T,25.48984079,51.45700684,12.5,,,25.48985,51.45701
T,25.48984077,51.45702156,12.5,,,25.48985,51.45703
T,25.4898445,51.45703661,12.5,,,25.48985,51.45704
T,25.4898445,51.45703845,12.5,,,25.48985,51.45704
T,25.48984824,51.45704982,12.5,,,25.48985,51.45705
T,25.48985011,51.4570592,12.5,,,25.48986,51.45706
T,25.48985198,51.45706674,12.5,,,25.48986,51.45707
T,25.48985574,51.45707445,12.5,,,25.48986,51.45708
T,25.48985573,51.45708367,12.5,,,25.48986,51.45709
T,25.48985759,51.45709491,12.5,,,25.48986,51.4571
T,25.48985945,51.45711169,12.5,,,25.48986,51.45712
T,25.48986321,51.45712681,12.5,,,25.48987,51.45713
T,25.48986696,51.45714563,12.5,,,25.48987,51.45715
T,25.48986693,51.4571604,12.5,,,25.48987,51.45717
T,25.48986881,51.45716798,12.5,,,25.48987,51.45717
T,25.4898688,51.45717906,12.5,,,25.48987,51.45718
T,25.48987258,51.45719424,12.5,,,25.48988,51.4572
T,25.48987255,51.45720717,12.5,,,25.48988,51.45721
T,25.48987441,51.45722215,12.5,,,25.48988,51.45723
T,25.48987437,51.45723322,12.5,,,25.48988,51.45724
T,25.48987437,51.45724247,12.5,,,25.48988,51.45725
T,25.48987439,51.45725543,12.5,,,25.48988,51.45726
T,25.4898744,51.45726838,12.5,,,25.48988,51.45727
T,25.48987441,51.45727949,12.5,,,25.48988,51.45728
T,25.48987442,51.45728875,12.5,,,25.48988,51.45729
T,25.48987444,51.45730541,12.5,,,25.48988,51.45731
T,25.48987444,51.45730911,12.5,,,25.48988,51.45731
T,25.48987449,51.45732395,12.5,,,25.48988,51.45733
T,25.48987451,51.45733137,12.5,,,25.48988,51.45734
T,25.48987827,51.45734291,12.6,,,25.48988,51.45735
T,25.48987832,51.45735961,12.6,,,25.48988,51.45736
T,25.48987837,51.45737446,12.6,,,25.48988,51.45738
T,25.48988215,51.45738789,12.6,,,25.48989,51.45739
T,25.489886,51.45740139,12.6,,,25.48989,51.45741
T,25.48988983,51.45741304,12.6,,,25.48989,51.45742
T,25.48989179,51.45742261,12.6,,,25.4899,51.45743
T,25.4898956,51.45743054,12.6,,,25.4899,51.45744
T,25.48989753,51.45743824,12.6,,,25.4899,51.45744
T,25.48990143,51.45745554,12.6,,,25.48991,51.45746
T,25.48990157,51.45747052,12.6,,,25.48991,51.45748
T,25.48990172,51.45748737,12.6,,,25.48991,51.45749
T,25.48990185,51.45750235,12.6,,,25.48991,51.45751
T,25.48990203,51.45752295,12.6,,,25.48991,51.45753
T,25.48990213,51.4575342,12.5,,,25.48991,51.45754
T,25.48990221,51.45754356,12.5,,,25.48991,51.45755
T,25.48990229,51.45755478,12.5,,,25.48991,51.45756
T,25.4899023,51.45755665,12.5,,,25.48991,51.45756
T,25.48990226,51.45757334,12.4,,,25.48991,51.45758
T,25.48990224,51.4575826,12.4,,,25.48991,51.45759
T,25.48990221,51.45759372,12.3,,,25.48991,51.4576
T,25.48990221,51.45761044,12.3,,,25.48991,51.45762
T,25.48990221,51.45762345,12.2,,,25.48991,51.45763
T,25.4899041,51.45763859,12.2,,,25.48991,51.45764
T,25.48990411,51.45764975,12.1,,,25.48991,51.45765
T,25.48990411,51.4576609,12.1,,,25.48991,51.45767
T,25.48990412,51.45766834,12.1,,,25.48991,51.45767
T,25.48990412,51.45768321,12,,,25.48991,51.45769
T,25.48990413,51.45769065,12,,,25.48991,51.4577
T,25.48990413,51.45770553,11.9,,,25.48991,51.45771
T,25.48990414,51.4577111,11.9,,,25.48991,51.45772
T,25.48990414,51.45772969,11.9,,,25.48991,51.45773
T,25.48990414,51.45774084,11.8,,,25.48991,51.45775
T,25.48990413,51.45775569,11.8,,,25.48991,51.45776
T,25.48990412,51.45776126,11.7,,,25.48991,51.45777
T,25.48990974,51.45777142,11.7,,,25.48991,51.45778
T,25.4899171,51.45777988,11.6,,,25.48992,51.45778
T,25.48992075,51.45778594,11.5,,,25.48993,51.45779
T,25.4899244,51.45779758,11.5,,,25.48993,51.4578
T,25.48992622,51.45780712,11.4,,,25.48993,51.45781
T,25.48992988,51.45781319,11.4,,,25.48993,51.45782
T,25.4899317,51.45782273,11.3,,,25.48994,51.45783
T,25.48992126,51.45785592,11.3,,,25.48993,51.45786
T,25.48992003,51.45786215,11.3,,,25.48993,51.45787
T,25.48992002,51.45786967,11.2,,,25.48993,51.45787
T,25.48992,51.4578822,11.2,,,25.48992,51.45789
T,25.48991999,51.45789097,11.2,,,25.48992,51.4579
T,25.48991998,51.45790349,11.1,,,25.48992,51.45791
T,25.48991996,51.45791477,11.1,,,25.48992,51.45792
T,25.48991995,51.45792729,11,,,25.48992,51.45793
T,25.48991993,51.45794107,11,,,25.48992,51.45795
T,25.48991993,51.45795235,10.9,,,25.48992,51.45796
T,25.48991995,51.45796112,10.9,,,25.48992,51.45797
T,25.48991996,51.45796739,10.9,,,25.48992,51.45797
T,25.4899212,51.45797497,10.9,,,25.48993,51.45798
T,25.48992368,51.45798136,10.8,,,25.48993,51.45799
T,25.48992492,51.45798644,10.8,,,25.48993,51.45799
T,25.48992618,51.4580003,10.7,,,25.48993,51.45801
T,25.48992745,51.45801669,10.7,,,25.48993,51.45802
T,25.48993118,51.4580307,10.6,,,25.48994,51.45804
T,25.48993244,51.45804459,10.5,,,25.48994,51.45805
T,25.48993246,51.45805214,10.5,,,25.48994,51.45806
T,25.48993494,51.45805857,10.5,,,25.48994,51.45806
T,25.48993743,51.45806375,10.4,,,25.48994,51.45807
T,25.48993992,51.45807019,10.4,,,25.48994,51.45808
T,25.48993993,51.45807774,10.3,,,25.48994,51.45808
T,25.48993994,51.45808529,10.3,,,25.48994,51.45809
T,25.48994244,51.45809677,10.2,,,25.48995,51.4581
T,25.48994369,51.45810189,10.2,,,25.48995,51.45811
T,25.48994495,51.45810702,10.2,,,25.48995,51.45811
T,25.48994749,51.4581198,10.1,,,25.48995,51.45812
T,25.48995,51.45812755,10.1,,,25.48995,51.45813
T,25.48995128,51.45813521,10,,,25.48996,51.45814
T,25.48995381,51.45814424,10,,,25.48996,51.45815
T,25.48995509,51.45815191,9.9,,,25.48996,51.45816
T,25.48995637,51.45816085,9.9,,,25.48996,51.45817
T,25.48995764,51.45816601,9.8,,,25.48996,51.45817
T,25.48995892,51.45817369,9.8,,,25.48996,51.45818
T,25.48996143,51.45817642,9.8,,,25.48997,51.45818
T,25.48996147,51.45818654,9.7,,,25.48997,51.45819
T,25.48996274,51.45819297,9.7,,,25.48997,51.4582
T,25.48996528,51.45820203,9.7,,,25.48997,51.45821
T,25.48996532,51.45821217,9.6,,,25.48997,51.45822
T,25.48996661,51.45822114,9.6,,,25.48997,51.45823
T,25.48997042,51.4582392,9.5,,,25.48998,51.45824
T,25.48997169,51.45824564,9.4,,,25.48998,51.45825
T,25.48997296,51.45825209,9.4,,,25.48998,51.45826
T,25.48997301,51.45826351,9.4,,,25.48998,51.45827
T,25.48997305,51.45827113,9.3,,,25.48998,51.45828
T,25.48997436,51.45828141,9.3,,,25.48998,51.45829
T,25.48997443,51.45828906,9.3,,,25.48998,51.45829
T,25.48997452,51.45829798,9.2,,,25.48998,51.4583
T,25.48997711,51.45830969,9.2,,,25.48998,51.45831
T,25.48997722,51.45832117,9.1,,,25.48998,51.45833
T,25.48997857,51.45833278,9.1,,,25.48998,51.45834
T,25.48997867,51.45834299,9.1,,,25.48998,51.45835
T,25.48997879,51.45835069,9.1,,,25.48998,51.45836
T,25.48997892,51.4583584,9.1,,,25.48998,51.45836
T,25.48998149,51.45836505,9.1,,,25.48999,51.45837
T,25.48998285,51.45837288,9.1,,,25.48999,51.45838
T,25.48998547,51.45838213,9.1,,,25.48999,51.45839
T,25.48998821,51.4583991,9,,,25.48999,51.4584
T,25.48998956,51.45840822,9,,,25.48999,51.45841
T,25.48999092,51.45841734,9,,,25.49,51.45842
T,25.48999232,51.45843032,9,,,25.49,51.45844
T,25.48999491,51.45843831,9,,,25.49,51.45844
T,25.48999762,51.45845531,9,,,25.49,51.45846
T,25.48999771,51.45846686,9,,,25.49,51.45847
T,25.48999909,51.45847985,9,,,25.49,51.45848
T,25.48999917,51.45849139,9,,,25.49,51.4585
T,25.48999924,51.45850291,9,,,25.49,51.45851
T,25.48999925,51.45850675,9,,,25.49,51.45851
T,25.4899993,51.45851698,9,,,25.49,51.45852
T,25.48999934,51.45852594,9,,,25.49,51.45853
T,25.48999938,51.45853362,9,,,25.49,51.45854
T,25.48999943,51.45854386,9,,,25.49,51.45855
T,25.48999948,51.45855665,9,,,25.49,51.45856
T,25.4899995,51.45856432,9,,,25.49,51.45857
T,25.48999953,51.45857072,9,,,25.49,51.45858
T,25.48999954,51.45857583,9,,,25.49,51.45858
T,25.48999957,51.45858223,9,,,25.49,51.45859
T,25.4899996,51.45859118,9,,,25.49,51.4586
T,25.48999961,51.45859756,9,,,25.49,51.4586
T,25.48999963,51.4586065,9,,,25.49,51.45861
T,25.48999966,51.45862183,9,,,25.49,51.45863
T,25.48999967,51.45862439,9,,,25.49,51.45863
T,25.48999969,51.45863588,9.1,,,25.49,51.45864
T,25.4899997,51.45863971,9.1,,,25.49,51.45864
T,25.48999971,51.45864482,9.1,,,25.49,51.45865
T,25.48999845,51.4586561,9.2,,,25.49,51.45866
T,25.48999846,51.45866249,9.2,,,25.49,51.45867
T,25.48999847,51.45866759,9.2,,,25.49,51.45867
T,25.48999848,51.45867397,9.2,,,25.49,51.45868
T,25.48999848,51.45867908,9.2,,,25.49,51.45868
T,25.48999721,51.45868778,9.3,,,25.49,51.45869
T,25.48999497,51.45873205,9.4,,,25.49,51.45874
T,25.48999009,51.45874886,9.5,,,25.49,51.45875
T,25.48999011,51.45876349,9.5,,,25.49,51.45877
T,25.48998771,51.45877555,9.6,,,25.48999,51.45878
T,25.48998773,51.45878286,9.6,,,25.48999,51.45879
T,25.48998046,51.45879952,9.7,,,25.48999,51.4588
T,25.48998049,51.45881414,9.7,,,25.48999,51.45882
T,25.48997564,51.45882603,9.7,,,25.48998,51.45883
T,25.48997327,51.45884295,9.8,,,25.48998,51.45885
T,25.48996845,51.45884997,9.8,,,25.48997,51.45885
T,25.48996611,51.45886931,9.8,,,25.48997,51.45887
T,25.4899637,51.45887403,9.8,,,25.48997,51.45888
T,25.48995893,51.45889077,9.9,,,25.48996,51.4589
T,25.48995419,51.45891237,9.8,,,25.48996,51.45892
T,25.48995427,51.45892941,9.9,,,25.48996,51.45893
T,25.48994698,51.45894833,9.8,,,25.48995,51.45895
T,25.4899397,51.45896236,9.8,,,25.48994,51.45897
T,25.48993724,51.45897672,9.8,,,25.48994,51.45898
T,25.48992997,51.45899072,9.8,,,25.48993,51.459
T,25.48992511,51.45900488,9.8,,,25.48993,51.45901
T,25.48992265,51.45901921,9.9,,,25.48993,51.45902
T,25.48992261,51.45902887,9.9,,,25.48993,51.45903
T,25.48991534,51.45905006,9.9,,,25.48992,51.45906
T,25.48991529,51.45906213,9.9,,,25.48992,51.45907
T,25.48990564,51.45907343,9.9,,,25.48991,51.45908
T,25.48987195,51.45911156,9.9,,,25.48988,51.45912
T,25.48986474,51.45912537,9.9,,,25.48987,51.45913
T,25.48986471,51.45913257,9.9,,,25.48987,51.45914
T,25.4898599,51.45914176,10,,,25.48986,51.45915
T,25.48985748,51.45915115,10,,,25.48986,51.45916
T,25.48985269,51.45916032,10,,,25.48986,51.45917
T,25.48984555,51.4591765,10,,,25.48985,51.45918
T,25.48983603,51.45918762,10,,,25.48984,51.45919
T,25.48982888,51.45920133,10.1,,,25.48983,51.45921
T,25.48982411,51.45920805,10.1,,,25.48983,51.45921
T,25.48981452,51.45922623,10.1,,,25.48982,51.45923
T,25.48980737,51.45923268,10.2,,,25.48981,51.45924
T,25.48980259,51.45924174,10.2,,,25.48981,51.45925
T,25.48979781,51.4592508,10.2,,,25.4898,51.45926
T,25.48979068,51.45925721,10.2,,,25.4898,51.45926
T,25.48978124,51.4592634,10.3,,,25.48979,51.45927
T,25.48977417,51.45926984,10.3,,,25.48978,51.45927
T,25.48975532,51.45928928,10.4,,,25.48976,51.45929
T,25.48974598,51.45929545,10.4,,,25.48975,51.4593
T,25.48973204,51.4593083,10.5,,,25.48974,51.45931
T,25.48972274,51.45931682,10.5,,,25.48973,51.45932
T,25.48970871,51.45933659,10.6,,,25.48971,51.45934
T,25.48969942,51.45934503,10.6,,,25.4897,51.45935
T,25.48969246,51.45935135,10.7,,,25.4897,51.45936
T,25.4896832,51.45935976,10.7,,,25.48969,51.45936
T,25.48967163,51.45937026,10.7,,,25.48968,51.45938
T,25.48965781,51.45937576,10.8,,,25.48966,51.45938
T,25.48965321,51.45937758,10.8,,,25.48966,51.45938
T,25.48964164,51.45938795,10.8,,,25.48965,51.45939
T,25.48963012,51.45939596,10.8,,,25.48964,51.4594
T,25.48962094,51.4594019,10.8,,,25.48963,51.45941
T,25.48960945,51.45941221,10.9,,,25.48961,51.45942
T,25.48960029,51.45942046,10.9,,,25.48961,51.45943
T,25.48959118,51.45942637,10.9,,,25.4896,51.45943
T,25.48957982,51.459432,11,,,25.48958,51.45944
T,25.48956623,51.45943735,11,,,25.48957,51.45944
T,25.48955719,51.4594409,11,,,25.48956,51.45945
T,25.4895504,51.45944705,11,,,25.48956,51.45945
T,25.4895346,51.45945902,11,,,25.48954,51.45946
T,25.48953235,51.45946106,11,,,25.48954,51.45947
T,25.48951886,51.45947329,11.1,,,25.48952,51.45948
T,25.48950987,51.45947676,11.1,,,25.48951,51.45948
T,25.48949861,51.45948684,11.1,,,25.4895,51.45949
T,25.4894919,51.45949059,11.1,,,25.4895,51.4595
T,25.48948078,51.45949842,11.2,,,25.48949,51.4595
T,25.48946965,51.45950389,11.2,,,25.48947,51.45951
T,25.48946074,51.45951192,11.2,,,25.48947,51.45952
T,25.48944743,51.45951705,11.3,,,25.48945,51.45952
T,25.48943194,51.45952414,11.2,,,25.48944,51.45953
T,25.48942309,51.45953211,11.2,,,25.48943,51.45954
T,25.48941428,51.45953549,11.2,,,25.48942,51.45954
T,25.48940329,51.45954317,11.2,,,25.48941,51.45955
T,25.4893967,51.45954913,11.2,,,25.4894,51.45955
T,25.48938577,51.4595545,11.2,,,25.48939,51.45956
T,25.48937921,51.45956044,11.2,,,25.48938,51.45957
T,25.48937265,51.45956637,11.2,,,25.48938,51.45957
T,25.48935959,51.45957369,11.2,,,25.48936,51.45958
T,25.48935309,51.45957508,11.1,,,25.48936,51.45958
T,25.48933575,51.45958629,11.1,,,25.48934,51.45959
T,25.48932926,51.45959218,11.1,,,25.48933,51.4596
T,25.48932053,51.4595999,11.1,,,25.48933,51.4596
T,25.48930966,51.45960954,11.1,,,25.48931,51.45961
T,25.48930314,51.45961528,11.1,,,25.48931,51.45962
T,25.48929235,51.45962269,11.1,,,25.4893,51.45963
T,25.4892859,51.4596285,11.1,,,25.48929,51.45963
T,25.48927948,51.45963661,11.1,,,25.48928,51.45964
T,25.48926454,51.45965474,11.1,,,25.48927,51.45966
T,25.48925389,51.45966669,11.1,,,25.48926,51.45967
T,25.48924751,51.45967249,11.1,,,25.48925,51.45968
T,25.48923902,51.45968698,11.1,,,25.48924,51.45969
T,25.48923055,51.45969468,11.1,,,25.48924,51.4597
T,25.4892242,51.4596982,11.1,,,25.48923,51.4597
T,25.48921998,51.45969754,11.1,,,25.48922,51.4597
T,25.48920523,51.45970647,11.1,,,25.48921,51.45971
T,25.48919478,51.45970492,11,,,25.4892,51.45971
T,25.48918225,51.45970978,11,,,25.48919,51.45971
T,25.48916775,51.45970774,11,,,25.48917,51.45971
T,25.48915737,51.45971291,10.9,,,25.48916,51.45972
T,25.48914494,51.45971105,10.8,,,25.48915,51.45972
T,25.48913244,51.45971567,10.7,,,25.48914,51.45972
T,25.4891262,51.45971461,10.7,,,25.48913,51.45972
T,25.48910956,51.45972059,10.6,,,25.48911,51.45973
T,25.4891054,51.45972431,10.6,,,25.48911,51.45973
T,25.48909304,51.45973118,10.5,,,25.4891,51.45974
T,25.48908072,51.45973582,10.4,,,25.48909,51.45974
T,25.48907252,51.45974112,10.4,,,25.48908,51.45975
T,25.48906229,51.45974607,10.4,,,25.48907,51.45975
T,25.48905004,51.45975288,10.3,,,25.48906,51.45976
T,25.48904393,51.45975848,10.3,,,25.48905,51.45976
T,25.48903783,51.45976188,10.3,,,25.48904,51.45977
T,25.48903173,51.45976746,10.3,,,25.48904,51.45977
T,25.48902362,51.45976831,10.2,,,25.48903,51.45977
T,25.48901551,51.45977574,10.2,,,25.48902,51.45978
T,25.48900743,51.45978096,10.2,,,25.48901,51.45979
T,25.48899532,51.45978769,10.1,,,25.489,51.45979
T,25.48898527,51.45979036,10.1,,,25.48899,51.4598
T,25.48897524,51.45979304,10.1,,,25.48898,51.4598
T,25.48895926,51.45980354,10,,,25.48896,51.45981
T,25.48895329,51.45980696,10,,,25.48896,51.45981
T,25.48894138,51.4598116,10,,,25.48895,51.45982
T,25.48893147,51.45981654,9.9,,,25.48894,51.45982
T,25.48891961,51.45982114,9.9,,,25.48892,51.45983
T,25.48891366,51.45982444,9.9,,,25.48892,51.45983
T,25.4889018,51.45983104,9.9,,,25.48891,51.45984
T,25.48888997,51.45983548,9.8,,,25.48889,51.45984
T,25.48887816,51.45984417,9.8,,,25.48888,51.45985
T,25.48886835,51.45984891,9.8,,,25.48887,51.45985
T,25.48886248,51.45985005,9.7,,,25.48887,51.45986
T,25.48885466,51.45985513,9.7,,,25.48886,51.45986
T,25.48884685,51.45986022,9.7,,,25.48885,51.45987
T,25.48883517,51.45986677,9.7,,,25.48884,51.45987
T,25.48882349,51.45987968,9.7,,,25.48883,51.45988
T,25.48881382,51.45988228,9.6,,,25.48882,51.45989
T,25.48880803,51.4598813,9.6,,,25.48881,51.45989
T,25.4887984,51.45987967,9.5,,,25.4888,51.45988
T,25.48879648,51.45987934,9.5,,,25.4888,51.45988
T,25.48877015,51.45991193,9.5,,,25.48878,51.45992
T,25.48875203,51.45991428,9.4,,,25.48876,51.45992
T,25.48872648,51.45993036,9.3,,,25.48873,51.45994
T,25.48870841,51.45993265,9.2,,,25.48871,51.45994
T,25.48869393,51.45993516,9.1,,,25.4887,51.45994
T,25.48867944,51.45994124,9.1,,,25.48868,51.45995
T,25.48866502,51.45994732,9,,,25.48867,51.45995
T,25.48864352,51.45994931,8.9,,,25.48865,51.45995
T,25.48861492,51.45995433,8.7,,,25.48862,51.45996
T,25.48860064,51.45995681,8.7,,,25.48861,51.45996
T,25.48859353,51.45995629,8.6,,,25.4886,51.45996
T,25.48857214,51.45996532,8.6,,,25.48858,51.45997
T,25.48855793,51.45997133,8.6,,,25.48856,51.45998
T,25.48853654,51.45998026,8.6,,,25.48854,51.45999
T,25.48851885,51.45998241,8.6,,,25.48852,51.45999
T,25.48850471,51.45998837,8.5,,,25.48851,51.45999
T,25.48848715,51.45999054,8.5,,,25.48849,51.46
T,25.48846263,51.45999568,8.4,,,25.48847,51.46
T,25.48844523,51.45999436,8.4,,,25.48845,51.46
T,25.48841423,51.45997804,8.2,,,25.48842,51.45998
T,25.48839705,51.45996977,8.1,,,25.4884,51.45997
T,25.48836967,51.4599538,7.9,,,25.48837,51.45996
T,25.48836279,51.45995329,7.9,,,25.48837,51.45996
T,25.48833542,51.45994431,7.8,,,25.48834,51.45995
T,25.48831476,51.45992874,7.8,,,25.48832,51.45993
T,25.48829074,51.45991645,7.7,,,25.4883,51.45992
T,25.48826673,51.4599146,7.8,,,25.48827,51.45992
T,25.48825312,51.45990664,7.8,,,25.48826,51.45991
T,25.48822926,51.45990135,7.8,,,25.48823,51.45991
T,25.48821236,51.45988972,7.8,,,25.48822,51.45989
T,25.48819538,51.45988843,7.8,,,25.4882,51.45989
T,25.4881718,51.45987633,7.8,,,25.48818,51.45988
T,25.48815829,51.45987532,7.8,,,25.48816,51.45988
T,25.48814485,51.45987088,7.9,,,25.48815,51.45988
T,25.48813815,51.45986695,7.9,,,25.48814,51.45987
T,25.48812481,51.45985567,7.9,,,25.48813,51.45986
T,25.48810807,51.45984412,7.9,,,25.48811,51.45985
T,25.48809137,51.4598326,7.9,,,25.4881,51.45984
T,25.48808138,51.45982501,7.9,,,25.48809,51.45983
T,25.48806478,51.45981013,8,,,25.48807,51.45982
T,25.48804818,51.45979868,8,,,25.48805,51.4598
T,25.48804159,51.45979139,8.1,,,25.48805,51.4598
T,25.488025,51.45978338,8.2,,,25.48803,51.45979
T,25.4880118,51.45978248,8.2,,,25.48802,51.45979
T,25.48799542,51.45977458,8.4,,,25.488,51.45978
T,25.48797907,51.45977011,8.5,,,25.48798,51.45978
T,25.48796604,51.45975565,8.6,,,25.48797,51.45976
T,25.48795627,51.45974822,8.6,,,25.48796,51.45975
T,25.48794002,51.4597404,8.8,,,25.48795,51.45975
T,25.48792382,51.4597292,8.9,,,25.48793,51.45973
T,25.48790764,51.45971802,9.1,,,25.48791,51.45972
T,25.4878915,51.45970686,9.3,,,25.4879,51.45971
T,25.48788183,51.45970289,9.4,,,25.48789,51.45971
T,25.48787218,51.45969216,9.5,,,25.48788,51.4597
T,25.48785292,51.45968088,9.8,,,25.48786,51.45969
T,25.48783691,51.45966982,10,,,25.48784,51.45967
T,25.48782413,51.45966233,10.1,,,25.48783,51.45967
T,25.48781137,51.45965486,10.2,,,25.48782,51.45966
T,25.48780182,51.45964422,10.4,,,25.48781,51.45965
T,25.48778593,51.45962987,10.6,,,25.48779,51.45963
T,25.48777641,51.45961926,10.7,,,25.48778,51.45962
T,25.48776694,51.45960533,10.9,,,25.48777,51.45961
T,25.48775746,51.45959475,11,,,25.48776,51.4596
T,25.48774484,51.45958068,11.1,,,25.48775,51.45959
T,25.48773542,51.45956009,11.3,,,25.48774,51.45957
T,25.48771966,51.45955259,11.4,,,25.48772,51.45956
T,25.48771023,51.45954543,11.5,,,25.48772,51.45955
T,25.48769769,51.45953144,11.7,,,25.4877,51.45954
T,25.48768515,51.45952415,11.8,,,25.48769,51.45953
T,25.48767577,51.45951369,11.9,,,25.48768,51.45952
T,25.48766324,51.45950641,12,,,25.48767,51.45951
T,25.48765697,51.45949943,12,,,25.48766,51.4595
T,25.48764446,51.45949216,12.1,,,25.48765,51.4595
T,25.48763199,51.45948158,12.3,,,25.48764,51.45949
T,25.48761337,51.45946412,12.4,,,25.48762,51.45947
T,25.48759789,51.45945348,12.6,,,25.4876,51.45946
T,25.4875855,51.45943966,12.7,,,25.48759,51.45944
T,25.48757005,51.45942573,12.8,,,25.48758,51.45943
T,25.4875639,51.45941554,12.9,,,25.48757,51.45942
T,25.48754229,51.459408,13,,,25.48755,51.45941
T,25.48753309,51.45939771,13,,,25.48754,51.4594
T,25.48751775,51.45938388,13.2,,,25.48752,51.45939
T,25.48750549,51.45937679,13.2,,,25.48751,51.45938
T,25.48749021,51.4593663,13.3,,,25.4875,51.45937
T,25.48747191,51.45935572,13.4,,,25.48748,51.45936
T,25.4874567,51.45934528,13.4,,,25.48746,51.45935
T,25.48744152,51.45933815,13.5,,,25.48745,51.45934
T,25.48743245,51.45933126,13.5,,,25.48744,51.45934
T,25.48741734,51.45932416,13.6,,,25.48742,51.45933
T,25.48740523,51.45932371,13.6,,,25.48741,51.45933
T,25.48739015,51.45931988,13.6,,,25.4874,51.45932
T,25.48737814,51.45930966,13.7,,,25.48738,51.45931
T,25.48736316,51.45929936,13.8,,,25.48737,51.4593
T,25.48735418,51.45929253,13.8,,,25.48736,51.4593
T,25.48733627,51.45928217,13.9,,,25.48734,51.45929
T,25.48732733,51.45927862,14,,,25.48733,51.45928
T,25.48731248,51.4592619,14.1,,,25.48732,51.45927
T,25.48729467,51.45924836,14.2,,,25.4873,51.45925
T,25.48727987,51.4592317,14.4,,,25.48728,51.45924
T,25.48727396,51.45922829,14.4,,,25.48728,51.45923
T,25.4872533,51.45922122,14.5,,,25.48726,51.45923
T,25.4872298,51.45921087,14.7,,,25.48723,51.45922
T,25.48721808,51.45920732,14.7,,,25.48722,51.45921
T,25.4871947,51.45919703,14.9,,,25.4872,51.4592
T,25.48718305,51.45918707,15,,,25.48719,51.45919
T,25.48718014,51.45918378,15,,,25.48719,51.45919
T,25.48715979,51.45917683,15.2,,,25.48716,51.45918
T,25.4871482,51.45916692,15.3,,,25.48715,51.45917
T,25.4871453,51.45916364,15.3,,,25.48715,51.45917
T,25.48713085,51.45915048,15.3,,,25.48714,51.45916
T,25.4871193,51.4591438,15.3,,,25.48712,51.45915
T,25.48710488,51.45913707,15.4,,,25.48711,51.45914
T,25.48709626,51.45912729,15.4,,,25.4871,51.45913
T,25.48708478,51.45911427,15.4,,,25.48709,51.45912
T,25.48707905,51.45910777,15.4,,,25.48708,51.45911
T,25.48706471,51.45908834,15.4,,,25.48707,51.45909
T,25.48705325,51.45907218,15.4,,,25.48706,51.45908
T,25.48703896,51.45906555,15.4,,,25.48704,51.45907
T,25.48703325,51.45905591,15.4,,,25.48704,51.45906
T,25.48702755,51.45904309,15.4,,,25.48703,51.45905
T,25.487019,51.45903024,15.4,,,25.48702,51.45904
T,25.48700763,51.45901737,15.4,,,25.48701,51.45902
T,25.48700195,51.45900776,15.3,,,25.48701,51.45901
T,25.48700197,51.45898873,15.3,,,25.48701,51.45899
T,25.48699916,51.45897284,15.2,,,25.487,51.45898
T,25.48699066,51.45896007,15.2,,,25.487,51.45897
T,25.48698784,51.45894736,15.2,,,25.48699,51.45895
T,25.48697368,51.45893774,15.2,,,25.48698,51.45894
T,25.48696802,51.45893453,15.2,,,25.48697,51.45894
T,25.48696521,51.45892185,15.1,,,25.48697,51.45893
T,25.48695959,51.45890284,15,,,25.48696,51.45891
T,25.4869568,51.45888384,15,,,25.48696,51.45889
T,25.48695119,51.45885536,14.9,,,25.48696,51.45886
T,25.48694837,51.45883639,14.8,,,25.48695,51.45884
T,25.48693713,51.45882692,14.8,,,25.48694,51.45883
T,25.4869315,51.45880799,14.7,,,25.48694,51.45881
T,25.48692308,51.45879855,14.7,,,25.48693,51.4588
T,25.48691749,51.45878596,14.6,,,25.48692,51.45879
T,25.4869147,51.45877336,14.6,,,25.48692,51.45878
T,25.48690631,51.45876081,14.5,,,25.48691,51.45877
T,25.48690073,51.45874195,14.5,,,25.48691,51.45875
T,25.48689794,51.45872623,14.4,,,25.4869,51.45873
T,25.48689235,51.45870741,14.3,,,25.4869,51.45871
T,25.48689236,51.45869482,14.3,,,25.4869,51.4587
T,25.48688956,51.45867596,14.2,,,25.48689,51.45868
T,25.48688956,51.45865708,14.2,,,25.48689,51.45866
T,25.48688955,51.45864136,14.1,,,25.48689,51.45865
T,25.48688398,51.45862887,14.1,,,25.48689,51.45863
T,25.48688398,51.45861,14,,,25.48689,51.45861
T,25.48688397,51.45859428,14,,,25.48689,51.4586
T,25.48688396,51.4585817,13.9,,,25.48689,51.45859
T,25.48688396,51.45856284,13.9,,,25.48689,51.45857
T,25.48688395,51.45853769,13.8,,,25.48689,51.45854
T,25.48688396,51.45852511,13.8,,,25.48689,51.45853
T,25.48688395,51.45850624,13.7,,,25.48689,51.45851
T,25.48688395,51.45848737,13.7,,,25.48689,51.45849
T,25.48688396,51.45846221,13.6,,,25.48689,51.45847
T,25.48688396,51.45844963,13.5,,,25.48689,51.45845
T,25.48688395,51.45842448,13.5,,,25.48689,51.45843
T,25.48688395,51.4584119,13.4,,,25.48689,51.45842
T,25.48688394,51.45840248,13.4,,,25.48689,51.45841
T,25.48688393,51.4583742,13.3,,,25.48689,51.45838
T,25.48688392,51.45836478,13.3,,,25.48689,51.45837
T,25.48688391,51.45833965,13.2,,,25.48689,51.45834
T,25.48689505,51.45831715,13.2,,,25.4869,51.45832
T,25.48690063,51.45829803,13.2,,,25.48691,51.4583
T,25.48690342,51.45827587,13.1,,,25.48691,51.45828
T,25.486909,51.45825987,13.1,,,25.48691,51.45826
T,25.486909,51.45825357,13.1,,,25.48691,51.45826
T,25.48691179,51.45823456,13.1,,,25.48692,51.45824
T,25.48692017,51.45822156,13.1,,,25.48693,51.45823
T,25.48692575,51.45820553,13.1,,,25.48693,51.45821
T,25.48692855,51.45820224,13.1,,,25.48693,51.45821
T,25.48693693,51.45817665,13,,,25.48694,51.45818
T,25.48694538,51.458154,13,,,25.48695,51.45816
T,25.48695102,51.45813785,13,,,25.48696,51.45814
T,25.48695102,51.45812837,13,,,25.48696,51.45813
T,25.48695383,51.45811557,13.1,,,25.48696,51.45812
T,25.48695945,51.45808996,13.1,,,25.48696,51.45809
T,25.48696226,51.45807398,13.1,,,25.48697,51.45808
T,25.48696789,51.45804834,13.2,,,25.48697,51.45805
T,25.48697071,51.45801968,13.3,,,25.48698,51.45802
T,25.48697634,51.45800033,13.4,,,25.48698,51.45801
T,25.48697634,51.45798134,13.5,,,25.48698,51.45799
T,25.48697916,51.45796532,13.5,,,25.48698,51.45797
T,25.4869848,51.45793643,13.7,,,25.48699,51.45794
T,25.48698762,51.45791405,13.7,,,25.48699,51.45792
T,25.48699611,51.45789759,13.8,,,25.487,51.4579
T,25.4869961,51.45788809,13.9,,,25.487,51.45789
T,25.48699609,51.45786907,13.9,,,25.487,51.45787
T,25.48700175,51.45784963,14,,,25.48701,51.45785
T,25.48701024,51.45782994,14.1,,,25.48702,51.45783
T,25.48701308,51.45781068,14.2,,,25.48702,51.45782
T,25.48702159,51.45779094,14.2,,,25.48703,51.4578
T,25.48702158,51.45776871,14.3,,,25.48703,51.45777
T,25.48703011,51.45774894,14.3,,,25.48704,51.45775
T,25.48703579,51.45773256,14.4,,,25.48704,51.45774
T,25.48703864,51.45771006,14.4,,,25.48704,51.45772
T,25.48705004,51.45768678,14.5,,,25.48706,51.45769
T,25.48705862,51.45767005,14.5,,,25.48706,51.45768
T,25.48706148,51.45765383,14.5,,,25.48707,51.45766
T,25.48706434,51.45764083,14.5,,,25.48707,51.45765
T,25.48707005,51.45762118,14.5,,,25.48708,51.45763
T,25.48707291,51.45760178,14.5,,,25.48708,51.45761
T,25.48707863,51.4575853,14.5,,,25.48708,51.45759
T,25.48707863,51.45757572,14.5,,,25.48708,51.45758
T,25.4870815,51.4575563,14.5,,,25.48709,51.45756
T,25.48709009,51.45754589,14.5,,,25.4871,51.45755
T,25.48709583,51.45752297,14.5,,,25.4871,51.45753
T,25.4870987,51.45749712,14.4,,,25.4871,51.4575
T,25.4870987,51.45747794,14.4,,,25.4871,51.45748
T,25.48710445,51.45745818,14.4,,,25.48711,51.45746
T,25.48710445,51.45743579,14.4,,,25.48711,51.45744
T,25.48710732,51.4574195,14.4,,,25.48711,51.45742
T,25.48710732,51.45739712,14.4,,,25.48711,51.4574
T,25.48710732,51.45738112,14.4,,,25.48711,51.45739
T,25.48710732,51.45736833,14.4,,,25.48711,51.45737
T,25.48710732,51.45734914,14.4,,,25.48711,51.45735
T,25.48710733,51.45732995,14.4,,,25.48711,51.45733
T,25.48710733,51.45731076,14.4,,,25.48711,51.45732
T,25.48710733,51.45727558,14.4,,,25.48711,51.45728
T,25.48711308,51.45724612,14.4,,,25.48712,51.45725
T,25.48711596,51.45722018,14.4,,,25.48712,51.45723
T,25.48712173,51.45719702,14.3,,,25.48713,51.4572
T,25.48712176,51.45716492,14.2,,,25.48713,51.45717
T,25.48712465,51.45714531,14.2,,,25.48713,51.45715
T,25.48712467,51.45712925,14.1,,,25.48713,51.45713
T,25.48713332,51.45710571,14,,,25.48714,51.45711
T,25.48714486,51.45709143,13.9,,,25.48715,51.4571
T,25.48715066,51.45706819,13.8,,,25.48716,51.45707
T,25.48715644,51.4570578,13.8,,,25.48716,51.45706
T,25.48715937,51.45703807,13.7,,,25.48716,51.45704
T,25.48716806,51.45702406,13.6,,,25.48717,51.45703
T,25.4871768,51.45699708,13.5,,,25.48718,51.457
T,25.48717683,51.45698413,13.4,,,25.48718,51.45699
T,25.48717687,51.45696471,13.4,,,25.48718,51.45697
T,25.4871827,51.45694776,13.3,,,25.48719,51.45695
T,25.48718273,51.45693481,13.2,,,25.48719,51.45694
T,25.48718566,51.45691822,13.2,,,25.48719,51.45692
T,25.4871915,51.45688837,13,,,25.4872,51.45689
T,25.48719439,51.45687512,13,,,25.4872,51.45688
T,25.4871944,51.456859,12.9,,,25.4872,51.45686
T,25.4872002,51.45684534,12.8,,,25.48721,51.45685
T,25.48720021,51.45683566,12.8,,,25.48721,51.45684
T,25.48720312,51.45681592,12.7,,,25.48721,51.45682
T,25.48721184,51.45678892,12.5,,,25.48722,51.45679
T,25.48721184,51.45678569,12.5,,,25.48722,51.45679
T,25.48721767,51.45676228,12.4,,,25.48722,51.45677
T,25.4872264,51.45674817,12.3,,,25.48723,51.45675
T,25.48722642,51.45672875,12.2,,,25.48723,51.45673
T,25.48722934,51.45671541,12.2,,,25.48723,51.45672
T,25.48723809,51.45669154,12.1,,,25.48724,51.4567
T,25.4872381,51.45668504,12.1,,,25.48724,51.45669
T,25.487244,51.45664846,12.1,,,25.48725,51.45665
T,25.4872469,51.45663838,12.1,,,25.48725,51.45664
T,25.48724691,51.45662866,12.1,,,25.48725,51.45663
T,25.48724692,51.4566157,12.1,,,25.48725,51.45662
T,25.48724695,51.45659945,12.1,,,25.48725,51.4566
T,25.48724706,51.45655706,12.1,,,25.48725,51.45656
T,25.48725587,51.45653615,12.2,,,25.48726,51.45654
T,25.48725592,51.45651982,12.2,,,25.48726,51.45652
T,25.487256,51.45649689,12.2,,,25.48726,51.4565
T,25.4872619,51.45648287,12.2,,,25.48727,51.45649
T,25.48727079,51.45645526,12.3,,,25.48728,51.45646
T,25.48727379,51.4564351,12.3,,,25.48728,51.45644
T,25.48727386,51.45641541,12.4,,,25.48728,51.45642
T,25.48727392,51.45639899,12.4,,,25.48728,51.4564
T,25.48727981,51.45639148,12.4,,,25.48728,51.4564
T,25.48728283,51.45636802,12.4,,,25.48729,51.45637
T,25.48728289,51.45634512,12.4,,,25.48729,51.45635
T,25.48728583,51.45633162,12.4,,,25.48729,51.45634
T,25.48728896,51.45628495,12.4,,,25.48729,51.45629
T,25.48729354,51.4562746,12.4,,,25.4873,51.45628
T,25.48729109,51.45624888,12.4,,,25.4873,51.45625
T,25.48730337,51.45620228,12.4,,,25.48731,51.45621
T,25.48731255,51.45618146,12.4,,,25.48732,51.45619
T,25.48731512,51.45615039,12.4,,,25.48732,51.45616
T,25.48731357,51.45613489,12.4,,,25.48732,51.45614
T,25.48730943,51.45609357,12.3,,,25.48731,51.4561
T,25.48732261,51.45605698,12.2,,,25.48733,51.45606
T,25.48732008,51.45603114,12.1,,,25.48733,51.45604
T,25.48731652,51.45599495,11.9,,,25.48732,51.456
T,25.48731498,51.45597943,11.9,,,25.48732,51.45598
T,25.48731175,51.45594836,11.7,,,25.48732,51.45595
T,25.48730921,51.4559225,11.6,,,25.48731,51.45593
T,25.48730584,51.45588634,11.5,,,25.48731,51.45589
T,25.48730282,51.45585531,11.4,,,25.48731,51.45586
T,25.48730129,51.4558398,11.3,,,25.48731,51.45584
T,25.48728605,51.45580391,11.2,,,25.48729,51.45581
T,25.48726588,51.4557735,11.1,,,25.48727,51.45578
T,25.48725135,51.45574292,11.1,,,25.48726,51.45575
T,25.48724299,51.45571729,11,,,25.48725,51.45572
T,25.48722853,51.45568679,11,,,25.48723,51.45569
T,25.48721687,51.45568215,11,,,25.48722,51.45569
T,25.48719245,51.45566255,11.1,,,25.4872,51.45567
T,25.48719012,51.4556419,11.1,,,25.4872,51.45565
T,25.48717473,51.45560628,11.2,,,25.48718,51.45561
T,25.48715985,51.45557585,11.2,,,25.48716,51.45558
T,25.48714004,51.45555091,11.3,,,25.48715,51.45556
T,25.48712768,51.45554119,11.3,,,25.48713,51.45555
T,25.48710302,51.45552179,11.4,,,25.48711,51.45553
T,25.48707414,51.45551302,11.5,,,25.48708,51.45552
T,25.48706188,51.45550336,11.6,,,25.48707,51.45551
T,25.48703666,51.45547894,11.7,,,25.48704,51.45548
T,25.48701759,51.45545938,11.7,,,25.48702,51.45546
T,25.48698845,51.45544567,11.8,,,25.48699,51.45545
T,25.4869744,51.45542078,11.9,,,25.48698,51.45543
T,25.48695441,51.45539119,12,,,25.48696,51.4554
T,25.48693635,51.45537695,12.1,,,25.48694,51.45538
T,25.48691524,51.45533731,12.2,,,25.48692,51.45534
T,25.48689727,51.45532315,12.3,,,25.4869,51.45533
T,25.48686216,51.45530003,12.6,,,25.48687,51.45531
T,25.48683283,51.45528164,12.8,,,25.48684,51.45529
T,25.4868036,51.4552633,13,,,25.48681,51.45527
T,25.48677586,51.45525514,13.1,,,25.48678,51.45526
T,25.4867535,51.45524662,13.3,,,25.48676,51.45525
T,25.4867377,51.4552478,13.4,,,25.48674,51.45525
T,25.48669773,51.4552254,13.6,,,25.4867,51.45523
T,25.48667479,51.45521193,13.7,,,25.48668,51.45522
T,25.48665197,51.4551985,13.7,,,25.48666,51.4552
T,25.48662922,51.4551851,13.7,,,25.48663,51.45519
T,25.48659798,51.45518753,13.7,,,25.4866,51.45519
T,25.48657025,51.45517461,13.6,,,25.48658,51.45518
T,25.48653874,51.45517208,13.6,,,25.48654,51.45518
T,25.48651176,51.4551642,13.6,,,25.48652,51.45517
T,25.48650607,51.45515965,13.6,,,25.48651,51.45516
T,25.48647349,51.45514726,13.5,,,25.48648,51.45515
T,25.48645114,51.45513407,13.5,,,25.48646,51.45514
T,25.48641337,51.45511729,13.4,,,25.48642,51.45512
T,25.48638069,51.45510015,13.4,,,25.48639,51.45511
T,25.48636434,51.4550916,13.4,,,25.48637,51.4551
T,25.48634188,51.45507369,13.4,,,25.48635,51.45508
T,25.48633628,51.45506921,13.4,,,25.48634,51.45507
T,25.48631489,51.45506114,13.5,,,25.48632,51.45507
T,25.48629305,51.45504821,13.5,,,25.4863,51.45505
T,25.48627569,51.45502998,13.5,,,25.48628,51.45503
T,25.48624816,51.45501267,13.6,,,25.48625,51.45502
T,25.48622127,51.45500029,13.6,,,25.48623,51.45501
T,25.48619436,51.45499277,13.6,,,25.4862,51.455
T,25.48617249,51.45498001,13.6,,,25.48618,51.45499
T,25.4861467,51.4549678,13.6,,,25.48615,51.45497
T,25.48613078,51.4549547,13.6,,,25.48614,51.45496
T,25.48610958,51.45493727,13.6,,,25.48611,51.45494
T,25.48608784,51.45491984,13.5,,,25.48609,51.45492
T,25.48605533,51.4548938,13.4,,,25.48606,51.4549
T,25.48603374,51.45487649,13.4,,,25.48604,51.45488
T,25.48600735,51.45485972,13.4,,,25.48601,51.45486
T,25.48598155,51.4548478,13.4,,,25.48599,51.45485
T,25.48597144,51.454844,13.4,,,25.48598,51.45485
T,25.48593583,51.45482835,13.4,,,25.48594,51.45483
T,25.48590451,51.45480749,13.4,,,25.48591,51.45481
T,25.48587849,51.45479097,13.3,,,25.48588,51.4548
T,25.48586776,51.45478247,13.3,,,25.48587,51.45479
T,25.48584638,51.45476551,13.3,,,25.48585,51.45477
T,25.48582424,51.45473911,13.1,,,25.48583,51.45474
T,25.48580847,51.45472646,13,,,25.48581,51.45473
T,25.48578175,51.45470071,13,,,25.48579,51.45471
T,25.48576657,51.45469286,13,,,25.48577,51.4547
T,25.48573209,51.45468247,13,,,25.48574,51.45469
T,25.48570712,51.45467104,13,,,25.48571,51.45468
T,25.48567756,51.45466019,13,,,25.48568,51.45467
T,25.48565793,51.45465299,13,,,25.48566,51.45466
T,25.48564299,51.45464525,13,,,25.48565,51.45465
T,25.48560808,51.45462569,13,,,25.48561,51.45463
T,25.48557382,51.45461089,13,,,25.48558,51.45462
T,25.48554889,51.45459504,13,,,25.48555,51.4546
T,25.48552962,51.45458797,13,,,25.48553,51.45459
T,25.48551452,51.4545757,13,,,25.48552,51.45458
T,25.48549486,51.45456403,13,,,25.4855,51.45457
T,25.48546507,51.45454428,13.1,,,25.48547,51.45455
T,25.48542744,51.454535,13.2,,,25.48543,51.45454
T,25.4854124,51.45452288,13.2,,,25.48542,51.45453
T,25.48539745,51.45451077,13.3,,,25.4854,51.45452
T,25.48536414,51.45449643,13.4,,,25.48537,51.4545
T,25.48535374,51.45448381,13.5,,,25.48536,51.45449
T,25.48533493,51.45447697,13.6,,,25.48534,51.45448
T,25.48532109,51.45447416,13.7,,,25.48533,51.45448
T,25.48529649,51.4544542,13.9,,,25.4853,51.45446
T,25.48527293,51.45444345,14,,,25.48528,51.45445
T,25.48525384,51.45443213,14.1,,,25.48526,51.45444
T,25.48522554,51.45441749,14.2,,,25.48523,51.45442
T,25.48521095,51.45440564,14.2,,,25.48522,51.45441
T,25.4851925,51.45439897,14.3,,,25.4852,51.4544
T,25.48516491,51.454389,14.3,,,25.48517,51.45439
T,25.48514272,51.45438752,14.3,,,25.48515,51.45439
T,25.48511103,51.45437822,14.3,,,25.48512,51.45438
T,25.48508377,51.45436833,14.4,,,25.48509,51.45437
T,25.48507043,51.45436566,14.4,,,25.48508,51.45437
T,25.48505137,51.4543501,14.4,,,25.48506,51.45436
T,25.4850281,51.45433519,14.4,,,25.48503,51.45434
T,25.48501386,51.45432358,14.5,,,25.48502,51.45433
T,25.48499497,51.45430812,14.5,,,25.485,51.45431
T,25.48499025,51.45430426,14.5,,,25.485,51.45431
T,25.48497607,51.4542927,14.5,,,25.48498,51.4543
T,25.48496475,51.45426709,14.6,,,25.48497,51.45427
T,25.48494081,51.45424344,14.6,,,25.48495,51.45425
T,25.48492628,51.4542275,14.6,,,25.48493,51.45423
T,25.48489779,51.45420017,14.6,,,25.4849,51.45421
T,25.48487081,51.45418631,14.5,,,25.48488,51.45419
T,25.48483147,51.4541745,14.4,,,25.48484,51.45418
T,25.48479861,51.45414373,14.3,,,25.4848,51.45415
T,25.48478061,51.45413317,14.2,,,25.48479,51.45414
T,25.4847714,51.45412569,14.2,,,25.48478,51.45413
T,25.48474888,51.45411147,14.1,,,25.48475,51.45412
T,25.48472274,51.45410241,14,,,25.48473,51.45411
T,25.48470994,51.45410008,13.9,,,25.48471,51.45411
T,25.48468809,51.45409035,13.8,,,25.48469,51.4541
T,25.48467094,51.45408429,13.8,,,25.48468,51.45409
T,25.48464395,51.45406206,13.6,,,25.48465,51.45407
T,25.48462242,51.45405237,13.5,,,25.48463,51.45406
T,25.48459696,51.45404339,13.3,,,25.4846,51.45405
T,25.48456228,51.45402272,13.1,,,25.48457,51.45403
T,25.484545,51.45401242,13,,,25.48455,51.45402
T,25.48453158,51.45400153,12.9,,,25.48454,51.45401
T,25.48451913,51.45399935,12.8,,,25.48452,51.454
T,25.48450179,51.45398922,12.7,,,25.48451,51.45399
T,25.48447968,51.45397112,12.5,,,25.48448,51.45398
T,25.48445858,51.45396172,12.4,,,25.48446,51.45397
T,25.48445025,51.45395884,12.3,,,25.48446,51.45396
T,25.48442925,51.45394947,12.1,,,25.48443,51.45395
T,25.48440007,51.45393723,11.9,,,25.48441,51.45394
T,25.48439001,51.45391713,11.7,,,25.4844,51.45392
T,25.48436959,51.45391221,11.5,,,25.48437,51.45392
T,25.48434835,51.4538987,11.3,,,25.48435,51.4539
T,25.48433199,51.45389303,11.2,,,25.48434,51.4539
T,25.48431228,51.45389237,11.1,,,25.48432,51.4539
T,25.48430459,51.45389382,11,,,25.48431,51.4539
T,25.48428315,51.45387607,10.8,,,25.48429,51.45388
T,25.48426224,51.45386265,10.6,,,25.48427,51.45387
T,25.48424611,51.45385702,10.5,,,25.48425,51.45386
T,25.48423806,51.45385422,10.4,,,25.48424,51.45386
T,25.4842215,51.45384441,10.2,,,25.48423,51.45385
T,25.48419641,51.45382772,10,,,25.4842,51.45383
T,25.48417993,51.45381799,9.8,,,25.48418,51.45382
T,25.48416733,51.45380745,9.7,,,25.48417,51.45381
T,25.48415094,51.45379774,9.6,,,25.48416,51.4538
T,25.48413457,51.45378806,9.5,,,25.48414,51.45379
T,25.48413369,51.45377959,9.5,,,25.48414,51.45378
T,25.48411231,51.45375803,9.3,,,25.48412,51.45376
T,25.48409978,51.45374765,9.3,,,25.4841,51.45375
T,25.48407607,51.45373964,9.2,,,25.48408,51.45374
T,25.48405658,51.45373511,9.1,,,25.48406,51.45374
T,25.48404001,51.45372139,9,,,25.48405,51.45373
T,25.48402717,51.45370691,9,,,25.48403,51.45371
T,25.48401023,51.45368904,9,,,25.48402,51.45369
T,25.48400199,51.45368221,9,,,25.48401,51.45369
T,25.48398922,51.45366778,8.9,,,25.48399,51.45367
T,25.48397518,51.45364081,9,,,25.48398,51.45365
T,25.48397065,51.45363323,9,,,25.48398,51.45364
T,25.48395018,51.45361631,9,,,25.48396,51.45362
T,25.48394479,51.45360039,9,,,25.48395,51.45361
T,25.4839308,51.4535736,9.2,,,25.48394,51.45358
T,25.48392091,51.4535502,9.2,,,25.48393,51.45356
T,25.48391466,51.45352599,9.3,,,25.48392,51.45353
T,25.48391206,51.45350095,9.4,,,25.48392,51.45351
T,25.48390946,51.45347589,9.5,,,25.48391,51.45348
T,25.48390002,51.45345673,9.6,,,25.48391,51.45346
T,25.4838974,51.45343172,9.7,,,25.4839,51.45344
T,25.483892,51.45341599,9.7,,,25.4839,51.45342
T,25.48388977,51.45339526,9.8,,,25.48389,51.4534
T,25.48387986,51.45337214,10,,,25.48388,51.45338
T,25.4838749,51.4533606,10,,,25.48388,51.45337
T,25.48387224,51.45333574,10.2,,,25.48388,51.45334
T,25.48386642,51.45331588,10.4,,,25.48387,51.45332
T,25.48386062,51.45329604,10.6,,,25.48387,51.4533
T,25.48385657,51.45325893,10.9,,,25.48386,51.45326
T,25.4838539,51.45323413,11,,,25.48386,51.45324
T,25.48384989,51.45319694,11.3,,,25.48385,51.4532
T,25.4838472,51.45317218,11.5,,,25.48385,51.45318
T,25.48385261,51.45315384,11.6,,,25.48386,51.45316
T,25.48386254,51.45314277,11.6,,,25.48387,51.45315
T,25.48387382,51.45311016,11.7,,,25.48388,51.45312
T,25.48388154,51.45307837,11.9,,,25.48389,51.45308
T,25.48389018,51.45305476,12,,,25.4839,51.45306
T,25.48390203,51.45302597,12,,,25.48391,51.45303
T,25.48390842,51.45301567,12,,,25.48391,51.45302
T,25.48392399,51.45298573,12,,,25.48393,51.45299
T,25.48393549,51.45295251,12.1,,,25.48394,51.45296
T,25.48394106,51.4529337,12.1,,,25.48395,51.45294
T,25.48394385,51.45292429,12.1,,,25.48395,51.45293
T,25.48395395,51.45291294,12.1,,,25.48396,51.45292
T,25.48396543,51.4528798,12.2,,,25.48397,51.45288
T,25.48397187,51.45286944,12.2,,,25.48398,51.45287
T,25.48399261,51.45285076,12.3,,,25.484,51.45286
T,25.48400602,51.45283411,12.3,,,25.48401,51.45284
T,25.48401575,51.45281847,12.4,,,25.48402,51.45282
T,25.48402316,51.45281642,12.4,,,25.48403,51.45282
T,25.48404775,51.45279666,12.5,,,25.48405,51.4528
T,25.48405381,51.45278202,12.6,,,25.48406,51.45279
T,25.48406733,51.45276527,12.6,,,25.48407,51.45277
T,25.48408841,51.45274627,12.6,,,25.48409,51.45275
T,25.48411052,51.45273554,12.7,,,25.48412,51.45274
T,25.4841322,51.45272065,12.7,,,25.48414,51.45273
T,25.48415348,51.45270158,12.7,,,25.48416,51.45271
T,25.48417951,51.4526899,12.7,,,25.48418,51.45269
T,25.48419089,51.45268668,12.7,,,25.4842,51.45269
T,25.4842176,51.45267908,12.7,,,25.48422,51.45268
T,25.48423582,51.45266506,12.7,,,25.48424,51.45267
T,25.48425842,51.45265416,12.7,,,25.48426,51.45266
T,25.4842777,51.45264863,12.7,,,25.48428,51.45265
T,25.4843,51.45263335,12.7,,,25.4843,51.45264
T,25.48431506,51.45262457,12.7,,,25.48432,51.45263
T,25.48433749,51.45260919,12.8,,,25.48434,51.45261
T,25.48435655,51.45259924,12.8,,,25.48436,51.4526
T,25.48437912,51.4525838,12.8,,,25.48438,51.45259
T,25.48439743,51.45256497,12.9,,,25.4844,51.45257
T,25.48440531,51.45256267,12.9,,,25.48441,51.45257
T,25.4844246,51.45255255,12.9,,,25.48443,51.45256
T,25.48444348,51.45253804,13,,,25.48445,51.45254
T,25.48445798,51.45252028,13,,,25.48446,51.45253
T,25.48447344,51.45251123,13,,,25.48448,51.45252
T,25.4844974,51.45250419,13,,,25.4845,51.45251
T,25.48451645,51.45248962,13,,,25.48452,51.45249
T,25.48452044,51.45248847,12.9,,,25.48453,51.45249
T,25.48454399,51.45247718,12.9,,,25.48455,51.45248
T,25.48455958,51.45246817,12.8,,,25.48456,51.45247
T,25.48457875,51.45245357,12.8,,,25.48458,51.45246
T,25.48459896,51.4524477,12.7,,,25.4846,51.45245
T,25.48461425,51.45243412,12.6,,,25.48462,51.45244
T,25.48463821,51.45242253,12.5,,,25.48464,51.45243
T,25.48466274,51.45241529,12.5,,,25.48467,51.45242
T,25.48468639,51.45239919,12.3,,,25.48469,51.4524
T,25.48469872,51.45239556,12.3,,,25.4847,51.4524
T,25.4847271,51.45238263,12.2,,,25.48473,51.45239
T,25.48473854,51.45237009,12.1,,,25.48474,51.45238
T,25.48476712,51.45235702,12,,,25.48477,51.45236
T,25.48479122,51.45234056,11.9,,,25.4848,51.45235
T,25.48481637,51.45233303,11.8,,,25.48482,51.45234
T,25.4848285,51.45232476,11.7,,,25.48483,51.45233
T,25.48485658,51.45230241,11.6,,,25.48486,51.45231
T,25.48486924,51.45229862,11.6,,,25.48487,51.4523
T,25.48488194,51.45229482,11.5,,,25.48489,51.4523
T,25.4849187,51.45226985,11.3,,,25.48492,51.45227
T,25.48495565,51.45224475,11.2,,,25.48496,51.45225
T,25.48497709,51.45223831,11.1,,,25.48498,51.45224
T,25.48499997,51.45220328,11.1,,,25.485,51.45221
T,25.48502497,51.45218622,11.1,,,25.48503,51.45219
T,25.48505485,51.45217241,11.1,,,25.48506,51.45218
T,25.48507952,51.45215071,11.2,,,25.48508,51.45216
T,25.48510574,51.45214271,11.2,,,25.48511,51.45215
T,25.48511889,51.45213869,11.2,,,25.48512,51.45214
T,25.48513549,51.45212412,11.2,,,25.48514,51.45213
T,25.48515704,51.45211277,11.2,,,25.48516,51.45212
T,25.48517816,51.45209677,11.2,,,25.48518,51.4521
T,25.4851954,51.45208669,11.1,,,25.4852,51.45209
T,25.48523,51.4520665,11.1,,,25.48523,51.45207
T,25.48526133,51.4520568,11,,,25.48527,51.45206
T,25.48528783,51.45204377,11,,,25.48529,51.45205
T,25.48531041,51.45203676,11,,,25.48532,51.45204
T,25.48532254,51.45201849,11,,,25.48533,51.45202
T,25.48534935,51.4519999,10.9,,,25.48535,51.452
T,25.4853632,51.45199538,10.9,,,25.48537,51.452
T,25.48538106,51.45198485,10.9,,,25.48539,51.45199
T,25.48539379,51.45197118,11,,,25.4854,51.45198
T,25.48542068,51.45195805,11,,,25.48543,51.45196
T,25.48544749,51.45193973,11,,,25.48545,51.45194
T,25.48547011,51.45192774,11.1,,,25.48548,51.45193
T,25.48549651,51.45190472,11.3,,,25.4855,51.45191
T,25.48551416,51.45188933,11.4,,,25.48552,51.45189
T,25.48553648,51.45187247,11.5,,,25.48554,51.45188
T,25.48556679,51.45183829,11.8,,,25.48557,51.45184
T,25.48559397,51.45181981,12.1,,,25.4856,51.45182
T,25.48563494,51.45179198,12.4,,,25.48564,51.4518
T,25.48566289,51.45177812,12.5,,,25.48567,51.45178
T,25.48568566,51.45176096,12.6,,,25.48569,51.45177
T,25.48569996,51.4517564,12.7,,,25.4857,51.45176
T,25.48573356,51.45174558,12.8,,,25.48574,51.45175
T,25.48575786,51.45173757,12.9,,,25.48576,51.45174
T,25.48578746,51.45172753,12.9,,,25.48579,51.45173
T,25.48580217,51.45172267,13,,,25.48581,51.45173
T,25.48583647,51.45171144,13,,,25.48584,51.45172
T,25.48586077,51.45170376,13.1,,,25.48587,51.45171
T,25.48586523,51.45169723,13.1,,,25.48587,51.4517
T,25.48590365,51.45167467,13.3,,,25.48591,51.45168
T,25.48592284,51.45166346,13.3,,,25.48593,51.45167
T,25.48595148,51.45164413,13.5,,,25.48596,51.45165
T,25.48597576,51.45163125,13.6,,,25.48598,51.45164
T,25.48599563,51.45162486,13.7,,,25.486,51.45163
T,25.48602464,51.45160527,13.8,,,25.48603,51.45161
T,25.48604932,51.45159208,13.9,,,25.48605,51.4516
T,25.48608452,51.45158071,14,,,25.48609,51.45159
T,25.48610897,51.45156239,14,,,25.48611,51.45157
T,25.48613912,51.45154729,13.8,,,25.48614,51.45155
T,25.48615863,51.45153053,13.7,,,25.48616,51.45154
T,25.486189,51.45151532,13.6,,,25.48619,51.45152
T,25.48621892,51.4514951,13.5,,,25.48622,51.4515
T,25.48623384,51.45148507,13.4,,,25.48624,51.45149
T,25.48626845,51.45145819,13.3,,,25.48627,51.45146
T,25.48628851,51.45144095,13.2,,,25.48629,51.45145
T,25.48631916,51.45142572,13.2,,,25.48632,51.45143
T,25.48634939,51.4514054,13.1,,,25.48635,51.45141
T,25.48639474,51.4513694,13,,,25.4864,51.45137
T,25.48642537,51.45134876,13,,,25.48643,51.45135
T,25.48650628,51.4512798,13,,,25.48651,51.45128
T,25.48655619,51.45127381,12.8,,,25.48656,51.45128
T,25.48658797,51.45125266,12.8,,,25.48659,51.45126
T,25.48661882,51.45122292,12.8,,,25.48662,51.45123
T,25.48665235,51.45121883,12.7,,,25.48666,51.45122
T,25.48670096,51.45119549,12.7,,,25.48671,51.4512
T,25.48672443,51.45117519,12.8,,,25.48673,51.45118
T,25.48674131,51.45117311,12.8,,,25.48675,51.45118
T,25.48679026,51.4511496,12.9,,,25.4868,51.45115
T,25.48682331,51.45113675,12.9,,,25.48683,51.45114
T,25.48686406,51.45111416,13,,,25.48687,51.45112
T,25.48691447,51.45109907,13,,,25.48692,51.4511
T,25.4869462,51.45106872,13.1,,,25.48695,51.45107
T,25.48701306,51.45104263,12.8,,,25.48702,51.45105
T,25.48703894,51.45103935,12.6,,,25.48704,51.45104
T,25.48707077,51.45100878,12.5,,,25.48708,51.45101
T,25.48711139,51.45097701,12.3,,,25.48712,51.45098
T,25.48713656,51.4509649,12.1,,,25.48714,51.45097
T,25.48717647,51.45092422,12,,,25.48718,51.45093
T,25.4872165,51.4508834,11.9,,,25.48722,51.45089
T,25.48725759,51.45085123,11.7,,,25.48726,51.45086
T,25.48729187,51.45083775,11.5,,,25.4873,51.45084
T,25.48732531,51.45081541,11.3,,,25.48733,51.45082
T,25.48736865,51.45080065,10.9,,,25.48737,51.45081
T,25.48741025,51.45076815,10.6,,,25.48742,51.45077
T,25.48746994,51.45073309,10.2,,,25.48747,51.45074
T,25.48750389,51.45071045,10,,,25.48751,51.45072
T,25.48753887,51.45069664,9.9,,,25.48754,51.4507
T,25.48759633,51.45063451,9.9,,,25.4876,51.45064
T,25.48764897,51.45060904,9.9,,,25.48765,51.45061
T,25.48768265,51.45057709,9.9,,,25.48769,51.45058
T,25.48771647,51.45054504,10,,,25.48772,51.45055
T,25.48775131,51.45052188,10.1,,,25.48776,51.45053
T,25.48779546,51.45049732,10.2,,,25.4878,51.4505
T,25.48783054,51.45049432,10.2,,,25.48784,51.4505
T,25.48789504,51.45045783,10.4,,,25.4879,51.45046
T,25.48792448,51.45044786,10.4,,,25.48793,51.45045
T,25.48795966,51.45042101,10.5,,,25.48796,51.45043
T,25.48798893,51.45041083,10.5,,,25.48799,51.45042
T,25.48800903,51.45038484,10.6,,,25.48801,51.45039
T,25.48802941,51.45035892,10.7,,,25.48803,51.45036
T,25.48807257,51.4503313,10.8,,,25.48808,51.45034
T,25.48811463,51.45028741,11,,,25.48812,51.45029
T,25.48815039,51.45026011,11.1,,,25.48816,51.45027
T,25.48818742,51.45024104,11.3,,,25.48819,51.45025
T,25.48821758,51.45023065,11.3,,,25.48822,51.45024
T,25.48824863,51.45022845,11.4,,,25.48825,51.45023
T,25.48828756,51.45022569,11.4,,,25.48829,51.45023
T,25.48831794,51.45021524,11.4,,,25.48832,51.45022
T,25.48833187,51.4501976,11.6,,,25.48834,51.4502
T,25.48837717,51.45017767,11.7,,,25.48838,51.45018
T,25.48841649,51.45017482,11.6,,,25.48842,51.45018
T,25.4884542,51.45015534,11.7,,,25.48846,51.45016
T,25.48848245,51.45011979,11.8,,,25.48849,51.45012
T,25.48851165,51.45009247,11.9,,,25.48852,51.4501
T,25.48854006,51.45005675,12,,,25.48855,51.45006
T,25.4885694,51.45002927,12,,,25.48857,51.45003
T,25.48860679,51.45000109,12,,,25.48861,51.45001
T,25.48864332,51.44996441,12.1,,,25.48865,51.44997
T,25.48868188,51.44994443,12.1,,,25.48869,51.44995
T,25.4887115,51.44991663,12.1,,,25.48872,51.44992
T,25.48874291,51.44990556,12,,,25.48875,51.44991
T,25.48877807,51.44985166,12.1,,,25.48878,51.44986
T,25.48880881,51.44983205,12.1,,,25.48881,51.44984
T,25.48884786,51.4498117,11.9,,,25.48885,51.44982
T,25.48886331,51.44980185,11.9,,,25.48887,51.44981
T,25.48891081,51.44978071,11.6,,,25.48892,51.44979
T,25.48894088,51.44975239,11.5,,,25.48895,51.44976
T,25.48898743,51.44972253,11.3,,,25.48899,51.44973
T,25.48902617,51.44969335,11.1,,,25.48903,51.4497
T,25.48905842,51.44968185,10.8,,,25.48906,51.44969
T,25.48909803,51.44966102,10.5,,,25.4891,51.44967
T,25.48912182,51.44965017,10.4,,,25.48913,51.44966
T,25.48915303,51.44962997,10.1,,,25.48916,51.44963
T,25.48920015,51.4495996,9.9,,,25.48921,51.4496
T,25.48925108,51.44959497,9.8,,,25.48926,51.4496
T,25.48925767,51.449577,9.8,,,25.48926,51.44958
T,25.48929061,51.44956526,9.8,,,25.4893,51.44957
T,25.48933121,51.44954406,9.8,,,25.48934,51.44955
T,25.48938903,51.44952118,9.8,,,25.48939,51.44953
T,25.48942144,51.44950065,9.8,,,25.48943,51.44951
T,25.48946356,51.44948792,9.9,,,25.48947,51.44949
T,25.48949811,51.44948463,9.9,,,25.4895,51.44949
T,25.48954731,51.44945361,10,,,25.48955,51.44946
T,25.48957338,51.44945111,10,,,25.48958,51.44946
T,25.4896229,51.44941993,10.1,,,25.48963,51.44942
T,25.48967381,51.44939737,10.2,,,25.48968,51.4494
T,25.48971683,51.44938432,10.2,,,25.48972,51.44939
T,25.48974117,51.44936419,10.3,,,25.48975,51.44937
T,25.48979313,51.44935017,10.3,,,25.4898,51.44936
T,25.48983456,51.44931939,10.3,,,25.48984,51.44932
T,25.48987712,51.44929731,10.2,,,25.48988,51.4493
T,25.48990976,51.44926723,10.2,,,25.48991,51.44927
T,25.4899514,51.44923616,10.1,,,25.48996,51.44924
T,25.48998403,51.44920591,10,,,25.48999,51.44921
T,25.49000799,51.44917653,9.9,,,25.49001,51.44918
T,25.490034,51.44916482,9.8,,,25.49004,51.44917
T,25.49006692,51.44913438,9.6,,,25.49007,51.44914
T,25.49010793,51.449094,9.5,,,25.49011,51.4491
T,25.49014203,51.44907228,9.3,,,25.49015,51.44908
T,25.49017526,51.44904159,9.2,,,25.49018,51.44905
T,25.49021831,51.44900977,9,,,25.49022,51.44901
T,25.49024309,51.4489799,8.9,,,25.49025,51.44898
T,25.49027082,51.44897683,8.7,,,25.49028,51.44898
T,25.49030258,51.44892791,8.7,,,25.49031,51.44893
T,25.49034576,51.44889573,8.5,,,25.49035,51.4489
T,25.49035409,51.44888569,8.5,,,25.49036,51.44889
T,25.49041361,51.44883328,8.1,,,25.49042,51.44884
T,25.49044973,51.44881994,7.9,,,25.49045,51.44882
T,25.49050061,51.44876824,7.7,,,25.49051,51.44877
T,25.49054434,51.44873556,7.6,,,25.49055,51.44874
T,25.49058082,51.44872201,7.6,,,25.49059,51.44873
T,25.49062582,51.44869821,7.7,,,25.49063,51.4487
T,25.49068878,51.44866295,7.8,,,25.49069,51.44867
T,25.4907425,51.44862869,7.9,,,25.49075,51.44863
T,25.49077943,51.4486149,8,,,25.49078,51.44862
T,25.49082694,51.44860905,8,,,25.49083,51.44861
T,25.49087075,51.44856652,8.4,,,25.49088,51.44857
T,25.49091665,51.4485422,8.8,,,25.49092,51.44855
T,25.49094349,51.44852021,9,,,25.49095,51.44853
T,25.49099062,51.44850495,9.3,,,25.491,51.44851
T,25.49103499,51.44846197,9.6,,,25.49104,51.44847
T,25.49107277,51.44844779,9.8,,,25.49108,51.44845
T,25.49109898,51.44841633,9.9,,,25.4911,51.44842
T,25.49115636,51.44839954,10.2,,,25.49116,51.4484
T,25.49121213,51.44836411,10.4,,,25.49122,51.44837
T,25.49124938,51.4483404,10.5,,,25.49125,51.44835
T,25.49127791,51.44832722,10.6,,,25.49128,51.44833
T,25.4913342,51.44829145,10.7,,,25.49134,51.4483
T,25.49136399,51.4482875,10.7,,,25.49137,51.44829
T,25.49142066,51.44825158,10.8,,,25.49143,51.44826
T,25.49147889,51.44822477,10.9,,,25.49148,51.44823
T,25.49152843,51.44820859,11.1,,,25.49153,51.44821
T,25.4915669,51.44818433,11.1,,,25.49157,51.44819
T,25.49162695,51.44816666,11.3,,,25.49163,51.44817
T,25.49168587,51.44813952,11.2,,,25.49169,51.44814
T,25.4917457,51.44812175,11,,,25.49175,51.44813
T,25.49177286,51.4480892,10.7,,,25.49178,51.44809
T,25.49183227,51.44806176,10.4,,,25.49184,51.44807
T,25.49187235,51.44804657,10.3,,,25.49188,51.44805
T,25.49190027,51.44801372,10.3,,,25.49191,51.44802
T,25.49194867,51.44797792,10.3,,,25.49195,51.44798
T,25.49198634,51.44794357,10.3,,,25.49199,51.44795
T,25.49202449,51.44790906,10.4,,,25.49203,51.44791
T,25.49207327,51.44787293,10.4,,,25.49208,51.44788
T,25.4921155,51.44786685,10.3,,,25.49212,51.44787
T,25.4921553,51.44784162,10.2,,,25.49216,51.44785
T,25.49221779,51.44782281,10,,,25.49222,51.44783
T,25.49227798,51.44778471,10.2,,,25.49228,51.44779
T,25.49232937,51.44775756,10.4,,,25.49233,51.44776
T,25.4923584,51.4477238,10.6,,,25.49236,51.44773
T,25.49240887,51.44768679,10.8,,,25.49241,51.44769
T,25.49245181,51.44768041,10.9,,,25.49246,51.44769
T,25.4924841,51.44767562,11,,,25.49249,51.44768
